-- phpMyAdmin SQL Dump
-- version 5.2.0
-- https://www.phpmyadmin.net/
--
-- Host: 127.0.0.1
-- Generation Time: May 22, 2023 at 05:50 AM
-- Server version: 10.4.27-MariaDB
-- PHP Version: 8.2.0

SET SQL_MODE = "NO_AUTO_VALUE_ON_ZERO";
START TRANSACTION;
SET time_zone = "+00:00";


/*!40101 SET @OLD_CHARACTER_SET_CLIENT=@@CHARACTER_SET_CLIENT */;
/*!40101 SET @OLD_CHARACTER_SET_RESULTS=@@CHARACTER_SET_RESULTS */;
/*!40101 SET @OLD_COLLATION_CONNECTION=@@COLLATION_CONNECTION */;
/*!40101 SET NAMES utf8mb4 */;

--
-- Database: `tabulation`
--

-- --------------------------------------------------------

--
-- Table structure for table `contestants`
--

CREATE TABLE `contestants` (
  `id` int(11) NOT NULL,
  `contestant_number` text NOT NULL,
  `contestant_name` text NOT NULL,
  `contestant_description` text DEFAULT NULL,
  `event_id` int(11) NOT NULL
) ENGINE=InnoDB DEFAULT CHARSET=utf8mb4 COLLATE=utf8mb4_general_ci;

--
-- Dumping data for table `contestants`
--

INSERT INTO `contestants` (`id`, `contestant_number`, `contestant_name`, `contestant_description`, `event_id`) VALUES
(69, '1', 'Clavel Saransan', 'Awihao', 38),
(70, '2', 'Samantha C. Resuelo', 'Bagakay', 38),
(71, '3', 'Maria Fahmela Lasco', 'Bato', 38),
(72, '4', 'Maria Cendy B. Bolo', 'Biga', 38),
(73, '5', 'Angyl Mae Villahermosa', 'Bulongan', 38),
(74, '6', 'Kathleen Echavez', 'Bunga', 38),
(75, '7', 'Karryl A. Sevilla', 'Cabitoonan', 38),
(76, '8', 'Ayezah B. Resurreccion', 'Calong-calong', 38),
(77, '9', 'Adhe Lorly J. Igot', 'Cambang-Ug', 38),
(78, '10', 'Julia Aliganga', 'Campo 8', 38),
(79, '11', 'Shaira Marish Nacua', 'Canlumampao', 38),
(80, '12', 'Kizzyl Claire Mamugay', 'Cantabaco', 38),
(81, '13', 'Theffany D. De Gracia', 'Captain Claudio', 38),
(82, '14', 'Angellene Grace B. Repollo', 'Carmen', 38),
(83, '15', 'Kim Irish Placibe', 'Daanlungsod', 38),
(84, '16', 'Rio B. Calonia', 'Don Andres Soriano', 38),
(85, '17', 'Marie Jhuls T. Codino', 'Dumlog', 38),
(86, '18', 'Lorraine L. Tan', 'Gen. Climaco', 38),
(87, '19', 'Mikaela Marie M. Caparida', 'Ibo', 38),
(88, '20', 'Chirique Ramos', 'Ilihan', 38),
(89, '21', 'Mariel Anne Jestre', 'Juan Climaco Sr.', 38),
(90, '22', 'Sarah Jean T. Caliguid', 'Landahan', 38),
(91, '23', 'Lyca Mae A. Reston', 'Loay', 38),
(92, '24', 'Sarah Jane O. Calope', 'Luray II', 38),
(93, '25', 'Irish Mae Nicole P. Erediano', 'Matab-ang', 38),
(94, '26', 'Lady Ann Hilaria Manulat', 'Media Once', 38),
(95, '27', 'Chen Maturan', 'Pangamihan', 38),
(96, '28', 'Rikka R. Alcomendras', 'Poblacion', 38),
(97, '29', 'Lara Faith Longakit', 'Poog', 38),
(98, '30', 'Lady Rose Brazona', 'Puting Bato', 38),
(99, '31', 'Bernadette Ortega', 'Sagay', 38),
(100, '32', 'Mary An E. Mendrez', 'Sam-ang', 38),
(101, '33', 'Krystle Delasa', 'Sangi', 38),
(102, '34', 'Lyca Marchellin D. Diang', 'Santo Niño', 38),
(103, '35', 'Honey Faith C. Diaz', 'Subayon', 38),
(104, '36', 'Axel E. Purisima', 'Talavera', 38),
(105, '37', 'Cherry Ann Mahilum', 'Tubod', 38),
(106, '38', 'Ida B. Panday', 'Tungkay', 38),
(108, '1', 'Clavel Saransan', 'Awihao', 39),
(109, '2', 'Samantha C. Resuelo', 'Bagakay', 39),
(110, '3', 'Maria Fahmela Lasco', 'Bato', 39),
(111, '4', 'Maria Cendy B. Bolo', 'Biga', 39),
(112, '5', 'Angyl Mae Villahermosa', 'Bulongan', 39),
(113, '6', 'Kathleen Echavez', 'Bunga', 39),
(114, '7', 'Karryl A. Sevilla', 'Cabitoonan', 39),
(115, '8', 'Ayezah B. Resurreccion', 'Calong-calong', 39),
(116, '9', 'Adhe Lorly J. Igot', 'Cambang-Ug', 39),
(117, '10', 'Julia Aliganga', 'Campo 8', 39),
(118, '11', 'Shaira Marish Nacua', 'Canlumampao', 39),
(119, '12', 'Kizzyl Claire Mamugay', 'Cantabaco', 39),
(120, '13', 'Theffany D. De Gracia', 'Captain Claudio', 39),
(121, '14', 'Angellene Grace B. Repollo', 'Carmen', 39),
(122, '15', 'Kim Irish Placibe', 'Daanlungsod', 39),
(123, '16', 'Rio B. Calonia', 'Don Andres Soriano', 39),
(124, '17', 'Marie Jhuls T. Codino', 'Dumlog', 39),
(125, '18', 'Lorraine L. Tan', 'Gen. Climaco', 39),
(126, '19', 'Mikaela Marie M. Caparida', 'Ibo', 39),
(127, '20', 'Chirique Ramos', 'Ilihan', 39),
(128, '21', 'Mariel Anne Jestre', 'Juan Climaco Sr.', 39),
(129, '22', 'Sarah Jean T. Caliguid', 'Landahan', 39),
(130, '23', 'Lyca Mae A. Reston', 'Loay', 39),
(131, '24', 'Sarah Jane O. Calope', 'Luray II', 39),
(132, '25', 'Irish Mae Nicole P. Erediano', 'Matab-ang', 39),
(133, '26', 'Lady Ann Hilaria Manulat', 'Media Once', 39),
(134, '27', 'Chen Maturan', 'Pangamihan', 39),
(135, '28', 'Rikka R. Alcomendras', 'Poblacion', 39),
(136, '29', 'Lara Faith Longakit', 'Poog', 39),
(137, '30', 'Lady Rose Brazona', 'Puting Bato', 39),
(138, '31', 'Bernadette Ortega', 'Sagay', 39),
(139, '32', 'Mary An E. Mendrez', 'Sam-ang', 39),
(140, '33', 'Krystle Delasa', 'Sangi', 39),
(141, '34', 'Lyca Marchellin D. Diang', 'Santo Niño', 39),
(142, '35', 'Honey Faith C. Diaz', 'Subayon', 39),
(143, '36', 'Axel E. Purisima', 'Talavera', 39),
(144, '37', 'Cherry Ann Mahilum', 'Tubod', 39),
(145, '39', 'Ida B. Panday', 'Tungkay', 39),
(146, '185', 'Bert Schroeder', 'Voluptatem excepturi', 40),
(147, '606', 'Clayton Burns', 'Et Nam possimus aut', 40),
(148, '735', 'Allistair Frazier', 'Iusto labore perspic', 40),
(149, '427', 'Buckminster Morales', 'Laboris sit eiusmod', 40),
(150, '957', 'Gillian Hardy', 'Voluptas tempore vo', 40),
(151, '221', 'Isabella Barnett', 'Veniam delectus ve', 40),
(152, '904', 'Serena Morse', 'Accusantium magna vi', 40),
(153, '952', 'Owen Pearson', 'Ut cupidatat ea ea u', 40),
(154, '738', 'Beverly Petersen', 'Ullam molestias at s', 40),
(155, '442', 'Dieter Cherry', 'Error et laudantium', 40),
(156, '373', 'Hilda Fitzpatrick', 'Qui possimus fuga ', 40);

-- --------------------------------------------------------

--
-- Table structure for table `criteria`
--

CREATE TABLE `criteria` (
  `id` int(11) NOT NULL,
  `criteria_name` text NOT NULL,
  `criteria_percentage` text NOT NULL,
  `event_id` int(11) NOT NULL,
  `is_show` text NOT NULL DEFAULT 'false'
) ENGINE=InnoDB DEFAULT CHARSET=utf8mb4 COLLATE=utf8mb4_general_ci;

--
-- Dumping data for table `criteria`
--

INSERT INTO `criteria` (`id`, `criteria_name`, `criteria_percentage`, `event_id`, `is_show`) VALUES
(1, 'Localized Costume', '100', 38, 'false'),
(3, 'Talent', '100', 38, 'false'),
(4, 'Casual Attire', '100', 38, 'false'),
(6, 'Evening Gown', '100', 38, 'false'),
(7, 'Q and A', '100', 38, 'false'),
(8, 'Costume Designer', '100', 39, 'false'),
(58, 'Swimsuit', '100', 38, 'false'),
(59, 'Criteria 1', '100', 40, 'false'),
(60, 'Criteria 2', '100', 40, 'false');

-- --------------------------------------------------------

--
-- Table structure for table `events`
--

CREATE TABLE `events` (
  `id` int(11) NOT NULL,
  `event_name` text NOT NULL,
  `event_description` text DEFAULT NULL,
  `event_date` text NOT NULL,
  `event_time` text NOT NULL,
  `event_venue` text NOT NULL,
  `created_at` datetime NOT NULL DEFAULT current_timestamp(),
  `is_start` text NOT NULL DEFAULT 'false'
) ENGINE=InnoDB DEFAULT CHARSET=utf8mb4 COLLATE=utf8mb4_general_ci;

--
-- Dumping data for table `events`
--

INSERT INTO `events` (`id`, `event_name`, `event_description`, `event_date`, `event_time`, `event_venue`, `created_at`, `is_start`) VALUES
(38, 'Binibining Toledo 2023', 'Preliminary Competition', '2023-05-06', '07:00', 'Toledo City Megadome', '2023-05-06 03:43:25', 'false'),
(39, 'Binibining Toledo 2023 - Costume Designer', 'Costume Designer Competition', '2023-05-06', '08:00', 'Toledo City Megadome', '2023-05-06 06:51:19', 'false');

-- --------------------------------------------------------

--
-- Table structure for table `judges`
--

CREATE TABLE `judges` (
  `id` int(11) NOT NULL,
  `event_id` int(11) NOT NULL,
  `judge_name` text NOT NULL,
  `judge_gender` text NOT NULL,
  `judge_username` text NOT NULL,
  `judge_password` text NOT NULL
) ENGINE=InnoDB DEFAULT CHARSET=utf8mb4 COLLATE=utf8mb4_general_ci;

--
-- Dumping data for table `judges`
--

INSERT INTO `judges` (`id`, `event_id`, `judge_name`, `judge_gender`, `judge_username`, `judge_password`) VALUES
(24, 38, 'Meng Ronquillo', '', 'judge1', 'password'),
(25, 38, 'Karla Supersoft', '', 'judge3', 'password'),
(26, 38, 'Ray John Lim', '', 'judge2', 'password'),
(27, 39, 'Ray John Lim', '', 'judge2-c', 'password'),
(28, 39, 'Karla Supersoft', '', 'judge3-c', 'password'),
(29, 39, 'Meng Ronquillo', '', 'judge1-c', 'password'),
(30, 38, 'Swimsuit - Judge 1', '', 'judge4', 'password'),
(31, 38, 'Swimsuit - Judge 2', '', 'judge5', 'password');

-- --------------------------------------------------------

--
-- Table structure for table `scores`
--

CREATE TABLE `scores` (
  `id` int(11) NOT NULL,
  `event_id` int(11) NOT NULL,
  `judge_id` int(11) NOT NULL,
  `criteria_id` int(11) NOT NULL,
  `contestant_id` int(11) NOT NULL,
  `score` float NOT NULL,
  `rank` text NOT NULL
) ENGINE=InnoDB DEFAULT CHARSET=utf8mb4 COLLATE=utf8mb4_general_ci;

--
-- Dumping data for table `scores`
--

INSERT INTO `scores` (`id`, `event_id`, `judge_id`, `criteria_id`, `contestant_id`, `score`, `rank`) VALUES
(1268, 38, 24, 4, 69, 10, '1.5'),
(1269, 38, 24, 4, 78, 10, '1.5'),
(1270, 38, 24, 4, 81, 10, '1.5'),
(1271, 38, 24, 4, 85, 10, '1.5'),
(1272, 38, 24, 4, 79, 10, '1.5'),
(1273, 38, 24, 4, 90, 10, '1.5'),
(1274, 38, 24, 4, 87, 10, '1.5'),
(1275, 38, 24, 4, 91, 10, '1.5'),
(1276, 38, 24, 4, 97, 10, '1.5'),
(1277, 38, 24, 4, 101, 10, '1.5'),
(1278, 38, 24, 4, 102, 10, '1.5'),
(1279, 38, 24, 4, 104, 10, '1.5'),
(1280, 38, 24, 4, 73, 9, '13.5'),
(1281, 38, 24, 4, 83, 9, '13.5'),
(1282, 38, 24, 4, 86, 9, '13.5'),
(1283, 38, 24, 4, 89, 9, '13.5'),
(1284, 38, 24, 4, 94, 9, '13.5'),
(1285, 38, 24, 4, 99, 9, '13.5'),
(1286, 38, 24, 4, 103, 9, '13.5'),
(1287, 38, 24, 4, 70, 8, '20.5'),
(1288, 38, 24, 4, 71, 8, '20.5'),
(1289, 38, 24, 4, 72, 8, '20.5'),
(1290, 38, 24, 4, 74, 8, '20.5'),
(1291, 38, 24, 4, 75, 8, '20.5'),
(1292, 38, 24, 4, 76, 8, '20.5'),
(1293, 38, 24, 4, 77, 8, '20.5'),
(1294, 38, 24, 4, 80, 8, '20.5'),
(1295, 38, 24, 4, 82, 8, '20.5'),
(1296, 38, 24, 4, 84, 8, '20.5'),
(1297, 38, 24, 4, 88, 8, '20.5'),
(1298, 38, 24, 4, 92, 8, '20.5'),
(1299, 38, 24, 4, 93, 8, '20.5'),
(1300, 38, 24, 4, 95, 8, '20.5'),
(1301, 38, 24, 4, 96, 8, '20.5'),
(1302, 38, 24, 4, 98, 8, '20.5'),
(1303, 38, 24, 4, 100, 8, '20.5'),
(1304, 38, 24, 4, 105, 8, '20.5'),
(1305, 38, 24, 4, 106, 8, '20.5'),
(1306, 38, 26, 4, 83, 9.3, '1.5'),
(1307, 38, 26, 4, 85, 9.3, '1.5'),
(1308, 38, 26, 4, 87, 9.3, '1.5'),
(1309, 38, 26, 4, 96, 9.3, '1.5'),
(1310, 38, 26, 4, 75, 9.2, '5.5'),
(1311, 38, 26, 4, 80, 9.2, '5.5'),
(1312, 38, 26, 4, 84, 9.1, '9.5'),
(1313, 38, 26, 4, 89, 9.2, '5.5'),
(1314, 38, 26, 4, 93, 9.1, '9.5'),
(1315, 38, 26, 4, 101, 9.2, '5.5'),
(1316, 38, 26, 4, 90, 9.1, '9.5'),
(1317, 38, 26, 4, 103, 9.1, '9.5'),
(1318, 38, 26, 4, 104, 9.1, '9.5'),
(1319, 38, 26, 4, 88, 9, '15.5'),
(1320, 38, 26, 4, 71, 8.9, '20.5'),
(1321, 38, 26, 4, 95, 8.9, '20.5'),
(1322, 38, 26, 4, 98, 8.8, '24.5'),
(1323, 38, 26, 4, 76, 8.7, '26.5'),
(1324, 38, 26, 4, 91, 9.1, '9.5'),
(1325, 38, 26, 4, 100, 8.7, '26.5'),
(1326, 38, 26, 4, 106, 8.5, '33.5'),
(1327, 38, 26, 4, 73, 8.3, '38'),
(1328, 38, 26, 4, 81, 8.5, '33.5'),
(1329, 38, 26, 4, 99, 8.7, '26.5'),
(1330, 38, 26, 4, 77, 8.5, '33.5'),
(1331, 38, 26, 4, 79, 8.7, '26.5'),
(1332, 38, 26, 4, 72, 8.5, '33.5'),
(1333, 38, 26, 4, 78, 8.7, '26.5'),
(1334, 38, 26, 4, 69, 8.5, '33.5'),
(1335, 38, 26, 4, 97, 8.9, '20.5'),
(1336, 38, 26, 4, 74, 8.7, '26.5'),
(1337, 38, 26, 4, 102, 9, '15.5'),
(1338, 38, 26, 4, 70, 8.7, '26.5'),
(1339, 38, 26, 4, 92, 9, '15.5'),
(1340, 38, 26, 4, 105, 8.8, '24.5'),
(1341, 38, 26, 4, 82, 9, '15.5'),
(1342, 38, 26, 4, 94, 8.9, '20.5'),
(1343, 38, 26, 4, 86, 9, '15.5'),
(1344, 38, 25, 4, 101, 8.4, '2'),
(1345, 38, 25, 4, 104, 8.7, '1'),
(1346, 38, 25, 4, 102, 8.2, '3'),
(1347, 38, 25, 4, 93, 8.1, '4.5'),
(1348, 38, 25, 4, 103, 8.1, '4.5'),
(1349, 38, 25, 4, 89, 8, '6.5'),
(1350, 38, 25, 4, 92, 8, '6.5'),
(1351, 38, 25, 4, 82, 7.9, '8'),
(1352, 38, 25, 4, 80, 7.8, '9.5'),
(1353, 38, 25, 4, 87, 7.8, '9.5'),
(1354, 38, 25, 4, 96, 7.8, '9.5'),
(1355, 38, 25, 4, 98, 7.8, '9.5'),
(1356, 38, 25, 4, 105, 7.8, '9.5'),
(1357, 38, 25, 4, 97, 7.7, '14'),
(1358, 38, 25, 4, 94, 7.6, '15'),
(1359, 38, 25, 4, 85, 7.4, '16.5'),
(1360, 38, 25, 4, 90, 7.4, '16.5'),
(1361, 38, 25, 4, 91, 7.3, '18.5'),
(1362, 38, 25, 4, 95, 7.3, '18.5'),
(1363, 38, 25, 4, 70, 7.2, '20.5'),
(1364, 38, 25, 4, 88, 7.2, '20.5'),
(1365, 38, 25, 4, 69, 7.1, '22.5'),
(1366, 38, 25, 4, 75, 7.1, '22.5'),
(1367, 38, 25, 4, 81, 7.1, '22.5'),
(1368, 38, 25, 4, 74, 6.9, '25.5'),
(1369, 38, 25, 4, 76, 6.9, '25.5'),
(1370, 38, 25, 4, 84, 6.9, '25.5'),
(1371, 38, 25, 4, 99, 6.9, '25.5'),
(1372, 38, 25, 4, 78, 6.8, '29.5'),
(1373, 38, 25, 4, 83, 6.8, '29.5'),
(1374, 38, 25, 4, 77, 6.7, '31.5'),
(1375, 38, 25, 4, 100, 6.7, '31.5'),
(1376, 38, 25, 4, 73, 6.5, '33.5'),
(1377, 38, 25, 4, 86, 6.5, '33.5'),
(1378, 38, 25, 4, 106, 6.4, '35'),
(1379, 38, 25, 4, 71, 6.3, '36.5'),
(1380, 38, 25, 4, 72, 6.3, '36.5'),
(1381, 38, 25, 4, 79, 6.2, '38'),
(1382, 38, 24, 6, 70, 10, '1.5'),
(1383, 38, 24, 6, 78, 10, '1.5'),
(1384, 38, 24, 6, 92, 10, '1.5'),
(1385, 38, 24, 6, 87, 10, '1.5'),
(1386, 38, 24, 6, 89, 10, '1.5'),
(1387, 38, 24, 6, 83, 10, '1.5'),
(1388, 38, 24, 6, 85, 9, '7.5'),
(1389, 38, 24, 6, 88, 9, '7.5'),
(1390, 38, 24, 6, 96, 9, '7.5'),
(1391, 38, 24, 6, 99, 9, '7.5'),
(1392, 38, 24, 6, 101, 9, '7.5'),
(1393, 38, 24, 6, 104, 9, '7.5'),
(1394, 38, 24, 6, 69, 8, '13.5'),
(1395, 38, 24, 6, 71, 8, '13.5'),
(1396, 38, 24, 6, 74, 8, '13.5'),
(1397, 38, 24, 6, 76, 8, '13.5'),
(1398, 38, 24, 6, 77, 8, '13.5'),
(1399, 38, 24, 6, 80, 8, '13.5'),
(1400, 38, 24, 6, 81, 8, '13.5'),
(1401, 38, 24, 6, 82, 8, '13.5'),
(1402, 38, 24, 6, 84, 8, '13.5'),
(1403, 38, 24, 6, 86, 8, '13.5'),
(1404, 38, 24, 6, 91, 8, '13.5'),
(1405, 38, 24, 6, 93, 8, '13.5'),
(1406, 38, 24, 6, 94, 8, '13.5'),
(1407, 38, 24, 6, 95, 8, '13.5'),
(1408, 38, 24, 6, 97, 8, '13.5'),
(1409, 38, 24, 6, 98, 8, '13.5'),
(1410, 38, 24, 6, 103, 8, '13.5'),
(1411, 38, 24, 6, 105, 8, '13.5'),
(1412, 38, 24, 6, 106, 8, '13.5'),
(1413, 38, 24, 6, 72, 7, '32.5'),
(1414, 38, 24, 6, 73, 7, '32.5'),
(1415, 38, 24, 6, 75, 7, '32.5'),
(1416, 38, 24, 6, 79, 7, '32.5'),
(1417, 38, 24, 6, 90, 7, '32.5'),
(1418, 38, 24, 6, 100, 7, '32.5'),
(1419, 38, 24, 6, 102, 7, '32.5'),
(1420, 38, 26, 6, 84, 9.9, '1'),
(1421, 38, 26, 6, 83, 9.8, '2'),
(1422, 38, 26, 6, 78, 9.4, '4'),
(1423, 38, 26, 6, 96, 9.5, '3'),
(1424, 38, 26, 6, 82, 9.2, '6.5'),
(1425, 38, 26, 6, 75, 9.3, '5'),
(1426, 38, 26, 6, 85, 9.2, '6.5'),
(1427, 38, 26, 6, 70, 9.1, '8.5'),
(1428, 38, 26, 6, 89, 9.1, '8.5'),
(1429, 38, 26, 6, 69, 9, '10.5'),
(1430, 38, 26, 6, 74, 9, '10.5'),
(1431, 38, 26, 6, 76, 9, '10.5'),
(1432, 38, 26, 6, 77, 9, '10.5'),
(1433, 38, 26, 6, 87, 9, '10.5'),
(1434, 38, 26, 6, 102, 9, '10.5'),
(1435, 38, 26, 6, 104, 9, '10.5'),
(1436, 38, 26, 6, 71, 8.9, '17.5'),
(1437, 38, 26, 6, 88, 8.9, '17.5'),
(1438, 38, 26, 6, 80, 8.9, '17.5'),
(1439, 38, 26, 6, 94, 8.9, '17.5'),
(1440, 38, 26, 6, 97, 8.9, '17.5'),
(1441, 38, 26, 6, 72, 8.7, '22.5'),
(1442, 38, 26, 6, 79, 8.7, '22.5'),
(1443, 38, 26, 6, 81, 8.7, '22.5'),
(1444, 38, 26, 6, 86, 8.7, '22.5'),
(1445, 38, 26, 6, 93, 8.7, '22.5'),
(1446, 38, 26, 6, 73, 8.5, '27.5'),
(1447, 38, 26, 6, 91, 8.5, '27.5'),
(1448, 38, 26, 6, 92, 8.5, '27.5'),
(1449, 38, 26, 6, 95, 8.5, '27.5'),
(1450, 38, 26, 6, 98, 8.5, '27.5'),
(1451, 38, 26, 6, 101, 8.5, '27.5'),
(1452, 38, 26, 6, 103, 8.5, '27.5'),
(1453, 38, 26, 6, 105, 8.5, '27.5'),
(1454, 38, 26, 6, 90, 8.4, '35.5'),
(1455, 38, 26, 6, 99, 8.4, '35.5'),
(1456, 38, 26, 6, 100, 8.3, '37'),
(1457, 38, 26, 6, 106, 8, '38'),
(1458, 38, 25, 6, 101, 9.8, '2.5'),
(1459, 38, 25, 6, 84, 10, '1'),
(1460, 38, 25, 6, 80, 9.6, '5'),
(1461, 38, 25, 6, 83, 9.7, '4'),
(1462, 38, 25, 6, 104, 9.8, '2.5'),
(1463, 38, 25, 6, 89, 9.4, '6'),
(1464, 38, 25, 6, 78, 9.2, '7.5'),
(1465, 38, 25, 6, 86, 9.2, '7.5'),
(1466, 38, 25, 6, 92, 9.2, '7.5'),
(1467, 38, 25, 6, 96, 9, '10.5'),
(1468, 38, 25, 6, 99, 9, '10.5'),
(1469, 38, 25, 6, 87, 8.9, '12.5'),
(1470, 38, 25, 6, 93, 8.9, '12.5'),
(1471, 38, 25, 6, 98, 8.9, '12.5'),
(1472, 38, 25, 6, 102, 8.9, '12.5'),
(1473, 38, 25, 6, 70, 8.8, '16.5'),
(1474, 38, 25, 6, 85, 8.8, '16.5'),
(1475, 38, 25, 6, 97, 8.7, '18.5'),
(1476, 38, 25, 6, 105, 8.7, '18.5'),
(1477, 38, 25, 6, 88, 8.6, '20'),
(1478, 38, 25, 6, 82, 8.5, '21.5'),
(1479, 38, 25, 6, 91, 8.5, '21.5'),
(1480, 38, 25, 6, 72, 8.3, '23.5'),
(1481, 38, 25, 6, 94, 8.3, '23.5'),
(1482, 38, 25, 6, 69, 8.2, '25.5'),
(1483, 38, 25, 6, 75, 8.2, '25.5'),
(1484, 38, 25, 6, 77, 8.2, '25.5'),
(1485, 38, 25, 6, 103, 8.2, '25.5'),
(1486, 38, 25, 6, 74, 8.1, '29'),
(1487, 38, 25, 6, 73, 7.9, '30.5'),
(1488, 38, 25, 6, 90, 7.9, '30.5'),
(1489, 38, 25, 6, 106, 7.9, '30.5'),
(1490, 38, 25, 6, 76, 7.8, '33.5'),
(1491, 38, 25, 6, 95, 7.8, '33.5'),
(1492, 38, 25, 6, 79, 7.7, '35.5'),
(1493, 38, 25, 6, 100, 7.7, '35.5'),
(1494, 38, 25, 6, 81, 7.6, '37'),
(1495, 38, 25, 6, 71, 7.5, '38'),
(1496, 38, 25, 1, 96, 9.7, '1'),
(1497, 38, 25, 1, 82, 9.5, '2.5'),
(1498, 38, 25, 1, 101, 9.5, '2.5'),
(1499, 38, 25, 1, 89, 9.3, '4.5'),
(1500, 38, 25, 1, 104, 9.3, '4.5'),
(1501, 38, 25, 1, 84, 9.2, '6'),
(1502, 38, 25, 1, 86, 9.1, '7.5'),
(1503, 38, 25, 1, 97, 9.1, '7.5'),
(1504, 38, 25, 1, 103, 9.1, '7.5'),
(1505, 38, 25, 1, 88, 8.9, '10.5'),
(1506, 38, 25, 1, 90, 8.9, '10.5'),
(1507, 38, 25, 1, 76, 8.8, '13.5'),
(1508, 38, 25, 1, 100, 8.9, '10.5'),
(1509, 38, 25, 1, 78, 8.8, '13.5'),
(1510, 38, 25, 1, 105, 8.8, '13.5'),
(1511, 38, 25, 1, 70, 8.7, '16'),
(1512, 38, 25, 1, 87, 8.6, '17'),
(1513, 38, 25, 1, 83, 8.5, '18.5'),
(1514, 38, 25, 1, 93, 8.5, '18.5'),
(1515, 38, 25, 1, 81, 8.4, '20'),
(1516, 38, 25, 1, 75, 8, '21'),
(1517, 38, 25, 1, 85, 7.9, '22.5'),
(1518, 38, 25, 1, 91, 7.9, '22.5'),
(1519, 38, 25, 1, 106, 7.9, '22.5'),
(1520, 38, 25, 1, 69, 7.8, '25'),
(1521, 38, 25, 1, 94, 7.7, '26'),
(1522, 38, 25, 1, 99, 7.6, '27'),
(1523, 38, 25, 1, 80, 7.5, '28'),
(1524, 38, 25, 1, 98, 7.3, '29'),
(1525, 38, 25, 1, 71, 7.2, '30.5'),
(1526, 38, 25, 1, 74, 7.2, '30.5'),
(1527, 38, 25, 1, 73, 6.9, '32'),
(1528, 38, 25, 1, 72, 6.8, '33.5'),
(1529, 38, 25, 1, 77, 6.8, '33.5'),
(1530, 38, 25, 1, 79, 6.5, '35.5'),
(1531, 38, 25, 1, 92, 6.5, '35.5'),
(1532, 38, 25, 1, 95, 6.5, '35.5'),
(1533, 38, 25, 1, 102, 6.5, '35.5'),
(1534, 38, 24, 1, 82, 10, '1.5'),
(1535, 38, 24, 1, 78, 10, '1.5'),
(1536, 38, 24, 1, 88, 10, '1.5'),
(1537, 38, 24, 1, 96, 10, '1.5'),
(1538, 38, 24, 1, 89, 10, '1.5'),
(1539, 38, 24, 1, 104, 10, '1.5'),
(1540, 38, 24, 1, 106, 10, '1.5'),
(1541, 38, 24, 1, 69, 9, '8.5'),
(1542, 38, 24, 1, 72, 9, '8.5'),
(1543, 38, 24, 1, 80, 9, '8.5'),
(1544, 38, 24, 1, 98, 9, '8.5'),
(1545, 38, 24, 1, 99, 9, '8.5'),
(1546, 38, 24, 1, 101, 9, '8.5'),
(1547, 38, 24, 1, 103, 9, '8.5'),
(1548, 38, 24, 1, 76, 8, '15.5'),
(1549, 38, 24, 1, 77, 8, '15.5'),
(1550, 38, 24, 1, 81, 8, '15.5'),
(1551, 38, 24, 1, 83, 8, '15.5'),
(1552, 38, 24, 1, 92, 8, '15.5'),
(1553, 38, 24, 1, 90, 8, '15.5'),
(1554, 38, 24, 1, 93, 8, '15.5'),
(1555, 38, 24, 1, 94, 8, '15.5'),
(1556, 38, 24, 1, 95, 8, '15.5'),
(1557, 38, 24, 1, 100, 8, '15.5'),
(1558, 38, 24, 1, 102, 8, '15.5'),
(1559, 38, 24, 1, 105, 8, '15.5'),
(1560, 38, 24, 1, 70, 7, '27.5'),
(1561, 38, 24, 1, 71, 7, '27.5'),
(1562, 38, 24, 1, 73, 7, '27.5'),
(1563, 38, 24, 1, 74, 7, '27.5'),
(1564, 38, 24, 1, 79, 7, '27.5'),
(1565, 38, 24, 1, 75, 7, '27.5'),
(1566, 38, 24, 1, 84, 7, '27.5'),
(1567, 38, 24, 1, 85, 7, '27.5'),
(1568, 38, 24, 1, 86, 7, '27.5'),
(1569, 38, 24, 1, 87, 7, '27.5'),
(1570, 38, 24, 1, 91, 7, '27.5'),
(1571, 38, 24, 1, 97, 7, '27.5'),
(1572, 38, 26, 1, 101, 9.5, '2.5'),
(1573, 38, 26, 1, 96, 9.5, '2.5'),
(1574, 38, 26, 1, 104, 9.4, '4'),
(1575, 38, 26, 1, 82, 9.7, '1'),
(1576, 38, 26, 1, 84, 9.3, '5.5'),
(1577, 38, 26, 1, 103, 9.3, '5.5'),
(1578, 38, 26, 1, 83, 9.2, '7.5'),
(1579, 38, 26, 1, 94, 9.2, '7.5'),
(1580, 38, 26, 1, 71, 9, '9.5'),
(1581, 38, 26, 1, 81, 9, '9.5'),
(1582, 38, 26, 1, 86, 9, '9.5'),
(1583, 38, 26, 1, 105, 8.8, '12'),
(1584, 38, 26, 1, 97, 8.7, '13'),
(1585, 38, 26, 1, 70, 8.5, '14.5'),
(1586, 38, 26, 1, 85, 8.5, '14.5'),
(1587, 38, 26, 1, 89, 8.5, '14.5'),
(1588, 38, 26, 1, 98, 8.5, '14.5'),
(1589, 38, 26, 1, 102, 8.5, '14.5'),
(1590, 38, 26, 1, 106, 8.5, '14.5'),
(1591, 38, 26, 1, 75, 8.3, '20.5'),
(1592, 38, 26, 1, 91, 8.3, '20.5'),
(1593, 38, 26, 1, 76, 8.2, '22.5'),
(1594, 38, 26, 1, 93, 8.2, '22.5'),
(1595, 38, 26, 1, 95, 8.2, '22.5'),
(1596, 38, 26, 1, 99, 8.2, '22.5'),
(1597, 38, 26, 1, 100, 8.2, '22.5'),
(1598, 38, 26, 1, 78, 8.1, '27'),
(1599, 38, 26, 1, 69, 8, '28.5'),
(1600, 38, 26, 1, 77, 8, '28.5'),
(1601, 38, 26, 1, 79, 8, '28.5'),
(1602, 38, 26, 1, 88, 8, '28.5'),
(1603, 38, 26, 1, 90, 8, '28.5'),
(1604, 38, 26, 1, 80, 7.8, '33.5'),
(1605, 38, 26, 1, 92, 7.8, '33.5'),
(1606, 38, 26, 1, 72, 7.5, '35.5'),
(1607, 38, 26, 1, 87, 7.5, '35.5'),
(1608, 38, 26, 1, 73, 7, '37'),
(1609, 38, 26, 1, 74, 6.9, '38'),
(1610, 38, 24, 7, 69, 10, '1.5'),
(1611, 38, 24, 7, 78, 10, '1.5'),
(1612, 38, 24, 7, 85, 10, '1.5'),
(1613, 38, 24, 7, 83, 10, '1.5'),
(1614, 38, 24, 7, 87, 10, '1.5'),
(1615, 38, 24, 7, 96, 10, '1.5'),
(1616, 38, 24, 7, 97, 10, '1.5'),
(1617, 38, 24, 7, 101, 10, '1.5'),
(1618, 38, 24, 7, 106, 10, '1.5'),
(1619, 38, 24, 7, 74, 9, '10.5'),
(1620, 38, 24, 7, 76, 9, '10.5'),
(1621, 38, 24, 7, 77, 9, '10.5'),
(1622, 38, 24, 7, 84, 9, '10.5'),
(1623, 38, 24, 7, 89, 9, '10.5'),
(1624, 38, 24, 7, 91, 9, '10.5'),
(1625, 38, 24, 7, 92, 9, '10.5'),
(1626, 38, 24, 7, 95, 9, '10.5'),
(1627, 38, 24, 7, 104, 9, '10.5'),
(1628, 38, 24, 7, 70, 8, '19.5'),
(1629, 38, 24, 7, 71, 8, '19.5'),
(1630, 38, 24, 7, 79, 8, '19.5'),
(1631, 38, 24, 7, 80, 8, '19.5'),
(1632, 38, 24, 7, 81, 8, '19.5'),
(1633, 38, 24, 7, 82, 8, '19.5'),
(1634, 38, 24, 7, 86, 8, '19.5'),
(1635, 38, 24, 7, 88, 8, '19.5'),
(1636, 38, 24, 7, 90, 8, '19.5'),
(1637, 38, 24, 7, 99, 8, '19.5'),
(1638, 38, 24, 7, 102, 8, '19.5'),
(1639, 38, 24, 7, 103, 8, '19.5'),
(1640, 38, 24, 7, 75, 7, '32.5'),
(1641, 38, 24, 7, 105, 8, '19.5'),
(1642, 38, 24, 7, 93, 7, '32.5'),
(1643, 38, 24, 7, 94, 7, '32.5'),
(1644, 38, 24, 7, 98, 7, '32.5'),
(1645, 38, 24, 7, 72, 6, '36.5'),
(1646, 38, 24, 7, 73, 6, '36.5'),
(1647, 38, 24, 7, 100, 6, '36.5'),
(1648, 38, 26, 7, 101, 10, '1'),
(1649, 38, 26, 7, 76, 9.7, '2.5'),
(1650, 38, 26, 7, 83, 9.7, '2.5'),
(1651, 38, 26, 7, 85, 9.7, '2.5'),
(1652, 38, 26, 7, 97, 9.7, '2.5'),
(1653, 38, 26, 7, 104, 9.7, '2.5'),
(1654, 38, 26, 7, 70, 9.5, '7.5'),
(1655, 38, 26, 7, 78, 9.5, '7.5'),
(1656, 38, 26, 7, 84, 9.5, '7.5'),
(1657, 38, 26, 7, 82, 9.5, '7.5'),
(1658, 38, 26, 7, 87, 9.5, '7.5'),
(1659, 38, 26, 7, 96, 9.5, '7.5'),
(1660, 38, 26, 7, 81, 9.3, '13.5'),
(1661, 38, 26, 7, 86, 9.3, '13.5'),
(1662, 38, 26, 7, 105, 9.3, '13.5'),
(1663, 38, 26, 7, 69, 9.2, '16.5'),
(1664, 38, 26, 7, 71, 9.2, '16.5'),
(1665, 38, 26, 7, 74, 9.2, '16.5'),
(1666, 38, 26, 7, 75, 9.2, '16.5'),
(1667, 38, 26, 7, 77, 9.2, '16.5'),
(1668, 38, 26, 7, 88, 9.2, '16.5'),
(1669, 38, 26, 7, 103, 9.2, '16.5'),
(1670, 38, 26, 7, 106, 9.2, '16.5'),
(1671, 38, 26, 7, 79, 9.1, '24.5'),
(1672, 38, 26, 7, 93, 9.1, '24.5'),
(1673, 38, 26, 7, 72, 9, '26.5'),
(1674, 38, 26, 7, 80, 9, '26.5'),
(1675, 38, 26, 7, 89, 9, '26.5'),
(1676, 38, 26, 7, 90, 9, '26.5'),
(1677, 38, 26, 7, 91, 9, '26.5'),
(1678, 38, 26, 7, 92, 9, '26.5'),
(1679, 38, 26, 7, 94, 9, '26.5'),
(1680, 38, 26, 7, 95, 9, '26.5'),
(1681, 38, 26, 7, 98, 9, '26.5'),
(1682, 38, 26, 7, 99, 9, '26.5'),
(1683, 38, 26, 7, 100, 9, '26.5'),
(1684, 38, 26, 7, 102, 9, '26.5'),
(1685, 38, 26, 7, 73, 8.9, '38'),
(1686, 38, 25, 7, 101, 10, '1'),
(1687, 38, 25, 7, 87, 9.5, '2.5'),
(1688, 38, 25, 7, 96, 9.5, '2.5'),
(1689, 38, 25, 7, 83, 9.3, '5.5'),
(1690, 38, 25, 7, 89, 9.4, '4'),
(1691, 38, 25, 7, 85, 9.3, '5.5'),
(1692, 38, 25, 7, 82, 9.2, '7'),
(1693, 38, 25, 7, 78, 9.1, '8.5'),
(1694, 38, 25, 7, 97, 9.1, '8.5'),
(1695, 38, 25, 7, 88, 9, '10'),
(1696, 38, 25, 7, 84, 8.8, '11.5'),
(1697, 38, 25, 7, 86, 8.8, '11.5'),
(1698, 38, 25, 7, 105, 8.8, '11.5'),
(1699, 38, 25, 7, 104, 8.7, '14.5'),
(1700, 38, 25, 7, 77, 8.7, '14.5'),
(1701, 38, 25, 7, 106, 8.7, '14.5'),
(1702, 38, 25, 7, 76, 8.6, '17.5'),
(1703, 38, 25, 7, 81, 8.6, '17.5'),
(1704, 38, 25, 7, 99, 8.5, '19'),
(1705, 38, 25, 7, 70, 8.4, '20.5'),
(1706, 38, 25, 7, 74, 8.4, '20.5'),
(1707, 38, 25, 7, 91, 8.4, '20.5'),
(1708, 38, 25, 7, 94, 8.4, '20.5'),
(1709, 38, 25, 7, 103, 8.4, '20.5'),
(1710, 38, 25, 7, 90, 8.3, '25.5'),
(1711, 38, 25, 7, 92, 8.3, '25.5'),
(1712, 38, 25, 7, 93, 8.2, '27'),
(1713, 38, 25, 7, 69, 8, '28.5'),
(1714, 38, 25, 7, 71, 8, '28.5'),
(1715, 38, 25, 7, 72, 8, '28.5'),
(1716, 38, 25, 7, 73, 8, '28.5'),
(1717, 38, 25, 7, 75, 8, '28.5'),
(1718, 38, 25, 7, 79, 8, '28.5'),
(1719, 38, 25, 7, 80, 8, '28.5'),
(1720, 38, 25, 7, 95, 8, '28.5'),
(1721, 38, 25, 7, 98, 8, '28.5'),
(1722, 38, 25, 7, 100, 8, '28.5'),
(1723, 38, 25, 7, 102, 8, '28.5'),
(1724, 38, 24, 3, 71, 10, '1.5'),
(1725, 38, 24, 3, 80, 10, '1.5'),
(1726, 38, 24, 3, 81, 10, '1.5'),
(1727, 38, 24, 3, 83, 10, '1.5'),
(1728, 38, 24, 3, 87, 10, '1.5'),
(1729, 38, 24, 3, 86, 10, '1.5'),
(1730, 38, 24, 3, 90, 10, '1.5'),
(1731, 38, 24, 3, 69, 9, '8.5'),
(1732, 38, 24, 3, 70, 9, '8.5'),
(1733, 38, 24, 3, 77, 9, '8.5'),
(1734, 38, 24, 3, 84, 9, '8.5'),
(1735, 38, 24, 3, 88, 9, '8.5'),
(1736, 38, 24, 3, 89, 9, '8.5'),
(1737, 38, 24, 3, 91, 9, '8.5'),
(1738, 38, 24, 3, 97, 9, '8.5'),
(1739, 38, 24, 3, 98, 9, '8.5'),
(1740, 38, 24, 3, 99, 9, '8.5'),
(1741, 38, 24, 3, 73, 8, '18.5'),
(1742, 38, 24, 3, 79, 8, '18.5'),
(1743, 38, 24, 3, 82, 8, '18.5'),
(1744, 38, 24, 3, 85, 8, '18.5'),
(1745, 38, 24, 3, 92, 8, '18.5'),
(1746, 38, 24, 3, 100, 8, '18.5'),
(1747, 38, 24, 3, 102, 8, '18.5'),
(1748, 38, 24, 3, 103, 8, '18.5'),
(1749, 38, 24, 3, 104, 8, '18.5'),
(1750, 38, 24, 3, 72, 7, '27.5'),
(1751, 38, 24, 3, 74, 7, '27.5'),
(1752, 38, 24, 3, 75, 7, '27.5'),
(1753, 38, 24, 3, 76, 7, '27.5'),
(1754, 38, 24, 3, 78, 7, '27.5'),
(1755, 38, 24, 3, 93, 7, '27.5'),
(1756, 38, 24, 3, 94, 7, '27.5'),
(1757, 38, 24, 3, 95, 7, '27.5'),
(1758, 38, 24, 3, 96, 7, '27.5'),
(1759, 38, 24, 3, 101, 7, '27.5'),
(1760, 38, 24, 3, 105, 7, '27.5'),
(1761, 38, 24, 3, 106, 7, '27.5'),
(1762, 38, 26, 3, 98, 9.8, '1'),
(1763, 38, 26, 3, 87, 9.7, '2.5'),
(1764, 38, 26, 3, 82, 9.6, '4'),
(1765, 38, 26, 3, 104, 9.7, '2.5'),
(1766, 38, 26, 3, 90, 9.5, '5'),
(1767, 38, 26, 3, 80, 9.1, '6'),
(1768, 38, 26, 3, 71, 9, '7.5'),
(1769, 38, 26, 3, 77, 9, '7.5'),
(1770, 38, 26, 3, 78, 9, '7.5'),
(1771, 38, 26, 3, 81, 9, '7.5'),
(1772, 38, 26, 3, 86, 9, '7.5'),
(1773, 38, 26, 3, 89, 9, '7.5'),
(1774, 38, 26, 3, 72, 8.9, '13.5'),
(1775, 38, 26, 3, 75, 8.9, '13.5'),
(1776, 38, 26, 3, 91, 8.9, '13.5'),
(1777, 38, 26, 3, 70, 8.7, '16.5'),
(1778, 38, 26, 3, 76, 8.7, '16.5'),
(1779, 38, 26, 3, 99, 8.7, '16.5'),
(1780, 38, 26, 3, 69, 8.5, '19.5'),
(1781, 38, 26, 3, 73, 8.5, '19.5'),
(1782, 38, 26, 3, 79, 8.5, '19.5'),
(1783, 38, 26, 3, 85, 8.5, '19.5'),
(1784, 38, 26, 3, 88, 8.5, '19.5'),
(1785, 38, 26, 3, 97, 8.5, '19.5'),
(1786, 38, 26, 3, 102, 8.5, '19.5'),
(1787, 38, 26, 3, 83, 8.3, '26.5'),
(1788, 38, 26, 3, 92, 8.3, '26.5'),
(1789, 38, 26, 3, 93, 8.3, '26.5'),
(1790, 38, 26, 3, 94, 8.3, '26.5'),
(1791, 38, 26, 3, 96, 8.3, '26.5'),
(1792, 38, 26, 3, 101, 8.3, '26.5'),
(1793, 38, 26, 3, 103, 8.3, '26.5'),
(1794, 38, 26, 3, 105, 8.3, '26.5'),
(1795, 38, 26, 3, 106, 8.3, '26.5'),
(1796, 38, 26, 3, 74, 8.2, '35.5'),
(1797, 38, 26, 3, 84, 8.2, '35.5'),
(1798, 38, 26, 3, 100, 8, '37'),
(1799, 38, 26, 3, 95, 7.5, '38'),
(1800, 38, 25, 3, 87, 10, '1'),
(1801, 38, 25, 3, 80, 9.6, '2.5'),
(1802, 38, 25, 3, 86, 9.6, '2.5'),
(1803, 38, 25, 3, 71, 9.5, '5.5'),
(1804, 38, 25, 3, 82, 9.5, '5.5'),
(1805, 38, 25, 3, 81, 9.3, '7.5'),
(1806, 38, 25, 3, 90, 9.6, '2.5'),
(1807, 38, 25, 3, 104, 9.3, '7.5'),
(1808, 38, 25, 3, 105, 8.3, '7.5'),
(1809, 38, 25, 3, 98, 9, '10'),
(1810, 38, 25, 3, 78, 8.9, '11.5'),
(1811, 38, 25, 3, 84, 8.9, '11.5'),
(1812, 38, 25, 3, 97, 8.9, '11.5'),
(1813, 38, 25, 3, 83, 8.8, '14.5'),
(1814, 38, 25, 3, 89, 8.8, '14.5'),
(1815, 38, 25, 3, 73, 8.5, '16.5'),
(1816, 38, 25, 3, 93, 8.5, '16.5'),
(1817, 38, 25, 3, 99, 8.5, '16.5'),
(1818, 38, 25, 3, 91, 8.4, '19.5'),
(1819, 38, 25, 3, 101, 8.4, '19.5'),
(1820, 38, 25, 3, 88, 8.3, '21.5'),
(1821, 38, 25, 3, 94, 8.3, '21.5'),
(1822, 38, 25, 3, 70, 8.2, '23'),
(1823, 38, 25, 3, 76, 8.1, '24.5'),
(1824, 38, 25, 3, 96, 8.1, '24.5'),
(1825, 38, 25, 3, 92, 8, '26'),
(1826, 38, 25, 3, 75, 7.9, '27.5'),
(1827, 38, 25, 3, 103, 7.9, '27.5'),
(1828, 38, 25, 3, 72, 7.8, '29'),
(1829, 38, 25, 3, 106, 7.7, '30'),
(1830, 38, 25, 3, 85, 7.5, '31.5'),
(1831, 38, 25, 3, 102, 7.5, '31.5'),
(1832, 38, 25, 3, 69, 7.4, '33'),
(1833, 38, 25, 3, 77, 7.3, '34'),
(1834, 38, 25, 3, 79, 7.1, '35'),
(1835, 38, 25, 3, 74, 7, '36.5'),
(1836, 38, 25, 3, 95, 7, '36.5'),
(1837, 38, 25, 3, 100, 6.5, '38'),
(1838, 38, 30, 58, 85, 9, '2'),
(1839, 38, 30, 58, 84, 9.1, '1'),
(1840, 38, 30, 58, 101, 8.9, '3.5'),
(1841, 38, 30, 58, 104, 8.9, '3.5'),
(1842, 38, 30, 58, 83, 8.4, '6'),
(1843, 38, 30, 58, 96, 8.5, '5'),
(1844, 38, 30, 58, 76, 8.3, '7.5'),
(1845, 38, 30, 58, 103, 8.3, '7.5'),
(1846, 38, 30, 58, 75, 8, '9.5'),
(1847, 38, 30, 58, 93, 8, '9.5'),
(1848, 38, 30, 58, 95, 8, '9.5'),
(1849, 38, 30, 58, 78, 7.3, '12.5'),
(1850, 38, 30, 58, 87, 7.3, '12.5'),
(1851, 38, 30, 58, 92, 7.1, '14'),
(1852, 38, 30, 58, 74, 7, '15.5'),
(1853, 38, 30, 58, 82, 7, '15.5'),
(1854, 38, 30, 58, 97, 7, '15.5'),
(1855, 38, 30, 58, 105, 7, '15.5'),
(1856, 38, 30, 58, 98, 6.9, '19'),
(1857, 38, 30, 58, 86, 6.7, '20.5'),
(1858, 38, 30, 58, 102, 6.7, '20.5'),
(1859, 38, 30, 58, 72, 6.6, '22.5'),
(1860, 38, 30, 58, 73, 6.6, '22.5'),
(1861, 38, 30, 58, 70, 6.5, '24.5'),
(1862, 38, 30, 58, 71, 6.5, '24.5'),
(1863, 38, 30, 58, 77, 6.4, '26'),
(1864, 38, 30, 58, 69, 6.3, '27'),
(1865, 38, 30, 58, 88, 6.2, '28'),
(1866, 38, 30, 58, 81, 6.1, '29.5'),
(1867, 38, 30, 58, 89, 6.1, '29.5'),
(1868, 38, 30, 58, 79, 6, '31.5'),
(1869, 38, 30, 58, 80, 6, '31.5'),
(1870, 38, 30, 58, 90, 6, '31.5'),
(1871, 38, 30, 58, 91, 6, '31.5'),
(1872, 38, 30, 58, 94, 6, '31.5'),
(1873, 38, 30, 58, 100, 6, '31.5'),
(1874, 38, 30, 58, 106, 6, '31.5'),
(1875, 38, 30, 58, 99, 1, '38'),
(1876, 38, 31, 58, 83, 9.5, '1'),
(1877, 38, 31, 58, 76, 9.4, '2'),
(1878, 38, 31, 58, 70, 9.3, '3.5'),
(1879, 38, 31, 58, 82, 9.3, '3.5'),
(1880, 38, 31, 58, 91, 9.3, '3.5'),
(1881, 38, 31, 58, 75, 9.2, '6.5'),
(1882, 38, 31, 58, 96, 9.2, '6.5'),
(1883, 38, 31, 58, 101, 9, '8'),
(1884, 38, 31, 58, 87, 8.9, '9'),
(1885, 38, 31, 58, 97, 8.7, '10.5'),
(1886, 38, 31, 58, 103, 8.7, '10.5'),
(1887, 38, 31, 58, 80, 8.5, '12.5'),
(1888, 38, 31, 58, 81, 8.5, '12.5'),
(1889, 38, 31, 58, 89, 8.3, '14.5'),
(1890, 38, 31, 58, 98, 8.3, '14.5'),
(1891, 38, 31, 58, 104, 8.2, '16'),
(1892, 38, 31, 58, 79, 8.1, '17'),
(1893, 38, 31, 58, 102, 7.9, '18'),
(1894, 38, 31, 58, 85, 7.8, '19.5'),
(1895, 38, 31, 58, 88, 7.8, '19.5'),
(1896, 38, 31, 58, 71, 7.7, '21.5'),
(1897, 38, 31, 58, 93, 7.7, '21.5'),
(1898, 38, 31, 58, 95, 7.5, '24'),
(1899, 38, 31, 58, 84, 7.6, '23'),
(1900, 38, 31, 58, 74, 7.4, '25'),
(1901, 38, 31, 58, 78, 7.3, '26.5'),
(1902, 38, 31, 58, 105, 7.3, '26.5'),
(1903, 38, 31, 58, 69, 7.1, '28'),
(1904, 38, 31, 58, 77, 7, '29'),
(1905, 38, 31, 58, 72, 6.9, '30.5'),
(1906, 38, 31, 58, 92, 6.9, '30.5'),
(1907, 38, 31, 58, 86, 6.8, '32.5'),
(1908, 38, 31, 58, 90, 6.8, '32.5'),
(1909, 38, 31, 58, 94, 6.8, '32.5'),
(1910, 38, 31, 58, 73, 6.7, '35'),
(1911, 38, 31, 58, 100, 6.5, '36'),
(1912, 38, 31, 58, 106, 6.1, '37'),
(1913, 38, 31, 58, 99, 1, '38');

-- --------------------------------------------------------

--
-- Table structure for table `sub_criteria`
--

CREATE TABLE `sub_criteria` (
  `id` int(11) NOT NULL,
  `subcriteria_name` text NOT NULL,
  `criteria_id` int(11) NOT NULL,
  `event_id` int(11) NOT NULL
) ENGINE=InnoDB DEFAULT CHARSET=utf8mb4 COLLATE=utf8mb4_general_ci;

-- --------------------------------------------------------

--
-- Table structure for table `users`
--

CREATE TABLE `users` (
  `id` int(11) NOT NULL,
  `first_name` text NOT NULL,
  `middle_name` text NOT NULL,
  `last_name` text NOT NULL,
  `username` text NOT NULL,
  `password` text NOT NULL
) ENGINE=InnoDB DEFAULT CHARSET=utf8mb4 COLLATE=utf8mb4_general_ci;

--
-- Dumping data for table `users`
--

INSERT INTO `users` (`id`, `first_name`, `middle_name`, `last_name`, `username`, `password`) VALUES
(1, 'John', 'Doe', 'Smith', 'admin', 'admin');

--
-- Indexes for dumped tables
--

--
-- Indexes for table `contestants`
--
ALTER TABLE `contestants`
  ADD PRIMARY KEY (`id`);

--
-- Indexes for table `criteria`
--
ALTER TABLE `criteria`
  ADD PRIMARY KEY (`id`);

--
-- Indexes for table `events`
--
ALTER TABLE `events`
  ADD PRIMARY KEY (`id`);

--
-- Indexes for table `judges`
--
ALTER TABLE `judges`
  ADD PRIMARY KEY (`id`);

--
-- Indexes for table `scores`
--
ALTER TABLE `scores`
  ADD PRIMARY KEY (`id`);

--
-- Indexes for table `sub_criteria`
--
ALTER TABLE `sub_criteria`
  ADD PRIMARY KEY (`id`);

--
-- Indexes for table `users`
--
ALTER TABLE `users`
  ADD PRIMARY KEY (`id`),
  ADD UNIQUE KEY `username` (`username`) USING HASH;

--
-- AUTO_INCREMENT for dumped tables
--

--
-- AUTO_INCREMENT for table `contestants`
--
ALTER TABLE `contestants`
  MODIFY `id` int(11) NOT NULL AUTO_INCREMENT, AUTO_INCREMENT=157;

--
-- AUTO_INCREMENT for table `criteria`
--
ALTER TABLE `criteria`
  MODIFY `id` int(11) NOT NULL AUTO_INCREMENT, AUTO_INCREMENT=61;

--
-- AUTO_INCREMENT for table `events`
--
ALTER TABLE `events`
  MODIFY `id` int(11) NOT NULL AUTO_INCREMENT, AUTO_INCREMENT=41;

--
-- AUTO_INCREMENT for table `judges`
--
ALTER TABLE `judges`
  MODIFY `id` int(11) NOT NULL AUTO_INCREMENT, AUTO_INCREMENT=34;

--
-- AUTO_INCREMENT for table `scores`
--
ALTER TABLE `scores`
  MODIFY `id` int(11) NOT NULL AUTO_INCREMENT, AUTO_INCREMENT=1914;

--
-- AUTO_INCREMENT for table `sub_criteria`
--
ALTER TABLE `sub_criteria`
  MODIFY `id` int(11) NOT NULL AUTO_INCREMENT, AUTO_INCREMENT=12;

--
-- AUTO_INCREMENT for table `users`
--
ALTER TABLE `users`
  MODIFY `id` int(11) NOT NULL AUTO_INCREMENT, AUTO_INCREMENT=2;
COMMIT;

/*!40101 SET CHARACTER_SET_CLIENT=@OLD_CHARACTER_SET_CLIENT */;
/*!40101 SET CHARACTER_SET_RESULTS=@OLD_CHARACTER_SET_RESULTS */;
/*!40101 SET COLLATION_CONNECTION=@OLD_COLLATION_CONNECTION */;
