-- phpMyAdmin SQL Dump
-- version 5.2.1
-- https://www.phpmyadmin.net/
--
-- Host: 127.0.0.1
-- Generation Time: Jun 06, 2023 at 06:53 AM
-- Server version: 10.4.28-MariaDB
-- PHP Version: 8.0.28

SET SQL_MODE = "NO_AUTO_VALUE_ON_ZERO";
START TRANSACTION;
SET time_zone = "+00:00";


/*!40101 SET @OLD_CHARACTER_SET_CLIENT=@@CHARACTER_SET_CLIENT */;
/*!40101 SET @OLD_CHARACTER_SET_RESULTS=@@CHARACTER_SET_RESULTS */;
/*!40101 SET @OLD_COLLATION_CONNECTION=@@COLLATION_CONNECTION */;
/*!40101 SET NAMES utf8mb4 */;

--
-- Database: `tabulation`
--

-- --------------------------------------------------------

--
-- Table structure for table `contestants`
--

CREATE TABLE `contestants` (
  `id` int(11) NOT NULL,
  `contestant_number` text NOT NULL,
  `contestant_name` text NOT NULL,
  `contestant_description` text DEFAULT NULL,
  `event_id` int(11) NOT NULL,
  `top_id` int(11) DEFAULT NULL
) ENGINE=InnoDB DEFAULT CHARSET=utf8mb4 COLLATE=utf8mb4_general_ci;

--
-- Dumping data for table `contestants`
--

INSERT INTO `contestants` (`id`, `contestant_number`, `contestant_name`, `contestant_description`, `event_id`, `top_id`) VALUES
(69, '1', 'Clavel Saransan', 'Awihao', 38, NULL),
(70, '2', 'Samantha C. Resuelo', 'Bagakay', 38, NULL),
(71, '3', 'Maria Fahmela Lasco', 'Bato', 38, NULL),
(72, '4', 'Maria Cendy B. Bolo', 'Biga', 38, NULL),
(73, '5', 'Angyl Mae Villahermosa', 'Bulongan', 38, NULL),
(74, '6', 'Kathleen Echavez', 'Bunga', 38, NULL),
(75, '7', 'Karryl A. Sevilla', 'Cabitoonan', 38, NULL),
(76, '8', 'Ayezah B. Resurreccion', 'Calong-calong', 38, NULL),
(77, '9', 'Adhe Lorly J. Igot', 'Cambang-Ug', 38, NULL),
(78, '10', 'Julia Aliganga', 'Campo 8', 38, NULL),
(79, '11', 'Shaira Marish Nacua', 'Canlumampao', 38, NULL),
(80, '12', 'Kizzyl Claire Mamugay', 'Cantabaco', 38, NULL),
(81, '13', 'Theffany D. De Gracia', 'Captain Claudio', 38, NULL),
(82, '14', 'Angellene Grace B. Repollo', 'Carmen', 38, NULL),
(83, '15', 'Kim Irish Placibe', 'Daanlungsod', 38, NULL),
(84, '16', 'Rio B. Calonia', 'Don Andres Soriano', 38, NULL),
(85, '17', 'Marie Jhuls T. Codino', 'Dumlog', 38, NULL),
(86, '18', 'Lorraine L. Tan', 'Gen. Climaco', 38, NULL),
(87, '19', 'Mikaela Marie M. Caparida', 'Ibo', 38, NULL),
(88, '20', 'Chirique Ramos', 'Ilihan', 38, NULL),
(89, '21', 'Mariel Anne Jestre', 'Juan Climaco Sr.', 38, NULL),
(90, '22', 'Sarah Jean T. Caliguid', 'Landahan', 38, NULL),
(91, '23', 'Lyca Mae A. Reston', 'Loay', 38, NULL),
(92, '24', 'Sarah Jane O. Calope', 'Luray II', 38, NULL),
(93, '25', 'Irish Mae Nicole P. Erediano', 'Matab-ang', 38, NULL),
(94, '26', 'Lady Ann Hilaria Manulat', 'Media Once', 38, NULL),
(95, '27', 'Chen Maturan', 'Pangamihan', 38, NULL),
(96, '28', 'Rikka R. Alcomendras', 'Poblacion', 38, NULL),
(97, '29', 'Lara Faith Longakit', 'Poog', 38, NULL),
(98, '30', 'Lady Rose Brazona', 'Puting Bato', 38, NULL),
(99, '31', 'Bernadette Ortega', 'Sagay', 38, NULL),
(100, '32', 'Mary An E. Mendrez', 'Sam-ang', 38, NULL),
(101, '33', 'Krystle Delasa', 'Sangi', 38, NULL),
(102, '34', 'Lyca Marchellin D. Diang', 'Santo Niño', 38, NULL),
(103, '35', 'Honey Faith C. Diaz', 'Subayon', 38, NULL),
(104, '36', 'Axel E. Purisima', 'Talavera', 38, NULL),
(105, '37', 'Cherry Ann Mahilum', 'Tubod', 38, NULL),
(106, '38', 'Ida B. Panday', 'Tungkay', 38, NULL),
(108, '1', 'Clavel Saransan', 'Awihao', 39, NULL),
(109, '2', 'Samantha C. Resuelo', 'Bagakay', 39, NULL),
(110, '3', 'Maria Fahmela Lasco', 'Bato', 39, NULL),
(111, '4', 'Maria Cendy B. Bolo', 'Biga', 39, NULL),
(112, '5', 'Angyl Mae Villahermosa', 'Bulongan', 39, NULL),
(113, '6', 'Kathleen Echavez', 'Bunga', 39, NULL),
(114, '7', 'Karryl A. Sevilla', 'Cabitoonan', 39, NULL),
(115, '8', 'Ayezah B. Resurreccion', 'Calong-calong', 39, NULL),
(116, '9', 'Adhe Lorly J. Igot', 'Cambang-Ug', 39, NULL),
(117, '10', 'Julia Aliganga', 'Campo 8', 39, NULL),
(118, '11', 'Shaira Marish Nacua', 'Canlumampao', 39, NULL),
(119, '12', 'Kizzyl Claire Mamugay', 'Cantabaco', 39, NULL),
(120, '13', 'Theffany D. De Gracia', 'Captain Claudio', 39, NULL),
(121, '14', 'Angellene Grace B. Repollo', 'Carmen', 39, NULL),
(122, '15', 'Kim Irish Placibe', 'Daanlungsod', 39, NULL),
(123, '16', 'Rio B. Calonia', 'Don Andres Soriano', 39, NULL),
(124, '17', 'Marie Jhuls T. Codino', 'Dumlog', 39, NULL),
(125, '18', 'Lorraine L. Tan', 'Gen. Climaco', 39, NULL),
(126, '19', 'Mikaela Marie M. Caparida', 'Ibo', 39, NULL),
(127, '20', 'Chirique Ramos', 'Ilihan', 39, NULL),
(128, '21', 'Mariel Anne Jestre', 'Juan Climaco Sr.', 39, NULL),
(129, '22', 'Sarah Jean T. Caliguid', 'Landahan', 39, NULL),
(130, '23', 'Lyca Mae A. Reston', 'Loay', 39, NULL),
(131, '24', 'Sarah Jane O. Calope', 'Luray II', 39, NULL),
(132, '25', 'Irish Mae Nicole P. Erediano', 'Matab-ang', 39, NULL),
(133, '26', 'Lady Ann Hilaria Manulat', 'Media Once', 39, NULL),
(134, '27', 'Chen Maturan', 'Pangamihan', 39, NULL),
(135, '28', 'Rikka R. Alcomendras', 'Poblacion', 39, NULL),
(136, '29', 'Lara Faith Longakit', 'Poog', 39, NULL),
(137, '30', 'Lady Rose Brazona', 'Puting Bato', 39, NULL),
(138, '31', 'Bernadette Ortega', 'Sagay', 39, NULL),
(139, '32', 'Mary An E. Mendrez', 'Sam-ang', 39, NULL),
(140, '33', 'Krystle Delasa', 'Sangi', 39, NULL),
(141, '34', 'Lyca Marchellin D. Diang', 'Santo Niño', 39, NULL),
(142, '35', 'Honey Faith C. Diaz', 'Subayon', 39, NULL),
(143, '36', 'Axel E. Purisima', 'Talavera', 39, NULL),
(144, '37', 'Cherry Ann Mahilum', 'Tubod', 39, NULL),
(145, '39', 'Ida B. Panday', 'Tungkay', 39, NULL),
(157, '1', 'rdgrdg', 'fhgfhf', 42, NULL),
(158, '1', 'Carmen Copper', 'Contingent', 43, NULL),
(159, '2', 'Atlas Corporation', 'Contingent', 43, NULL),
(160, '3', 'Global Power Corporation', 'Contingent', 43, NULL),
(161, '1', 'boang ka', 'bakhaw', 45, NULL),
(162, '2', 'amaw ka', 'Waragud', 45, NULL),
(163, '1', 'Angel', 'Nino', 46, NULL),
(164, '2', 'Borekat', 'you', 46, NULL),
(165, '1', 'Shayne Jivah Blanco', 'TRIBU MAKUGIHANONG KABATAN-ONAN SA TOLEDO', 44, NULL),
(166, '2', 'Aliyah Kim M. Regalado', 'TRIBU MAGMIMINA', 44, NULL),
(167, '3', 'Erika Bianca B. Quillobe', 'TRIBU CANLOBICAMP', 44, NULL),
(168, '4', 'Luiza Daniela Matsumura', 'TRIBU KARAANONG LUNGSOD NGA TOLEDONHON', 44, NULL),
(169, '5', 'Kathleen B. Villacencio', 'TRIBU BAGATOONAN CLIMBANG-UG', 44, NULL),
(170, '6', 'Nash Quinnamae Vertucio', 'LA CULTURA DE TOLEDO DANCE COMPANY', 44, NULL),
(171, '7', 'Valerie Odhelle C. Patalinjug', 'TRIBU LOUD AND PROUD TOLEDONHONS', 44, NULL),
(172, '8', 'Niña Mae Ricaña', 'TRIBU BULAWANONG PANAGHIGALAAY', 44, NULL),
(173, '9', 'Shiera Mendrez', 'TRIBU AWIHANSAGYON', 44, NULL),
(174, '10', 'Kathleen Caserial', 'PUNDOK MADASIGONG MANANAYAW SA TOLEDO', 44, NULL),
(179, '1', 'con1', 'con1', 47, NULL),
(180, '2', 'con2', 'con2', 47, 13),
(181, '3', 'con3', 'con3', 47, 13),
(182, '4', 'con4', 'con4', 47, NULL),
(183, '5', 'con5', 'con5', 47, NULL),
(184, '1', 'Maria Precious', 'Contingent', 48, NULL),
(185, '2', 'Reyna Reya', 'Contingent', 48, NULL),
(186, '3', 'Susmeta Sen', 'Contingent', 48, 17),
(187, '4', 'Roxanne', 'Contingent', 48, NULL),
(188, '5', 'Via Birao', 'Contingent', 48, 17),
(189, '6', 'Jhai Albia', 'Contingent', 48, 16),
(190, '7', 'Gabriela Fernandez', 'Contingent', 48, 17),
(191, '8', 'Tine Pauly', 'Contingent', 48, NULL),
(192, '9', 'Lovi Poe', 'Contingent', 48, 16),
(193, '10', 'Kim Delos Reyes', 'Contingent', 48, NULL),
(194, '11', 'Janine Tuazon', 'Contingent', 48, NULL),
(195, '12', 'Katey Phoebe Declines', 'Contingent', 48, 16),
(196, '13', 'Niña Collins Oberez', 'Contingent', 48, 16),
(197, '14', 'Evanka Erwin', 'Contingent', 48, NULL),
(198, '15', 'Janna Abalde', 'Contingent', 48, NULL);

-- --------------------------------------------------------

--
-- Table structure for table `criteria`
--

CREATE TABLE `criteria` (
  `id` int(11) NOT NULL,
  `criteria_name` text NOT NULL,
  `criteria_percentage` text NOT NULL DEFAULT '100',
  `event_id` int(11) NOT NULL,
  `is_show` text NOT NULL DEFAULT 'false',
  `top_id` int(11) DEFAULT NULL
) ENGINE=InnoDB DEFAULT CHARSET=utf8mb4 COLLATE=utf8mb4_general_ci;

--
-- Dumping data for table `criteria`
--

INSERT INTO `criteria` (`id`, `criteria_name`, `criteria_percentage`, `event_id`, `is_show`, `top_id`) VALUES
(1, 'Localized Costume', '100', 38, 'false', NULL),
(3, 'Talent', '100', 38, 'false', NULL),
(4, 'Casual Attire', '100', 38, 'false', NULL),
(6, 'Evening Gown', '100', 38, 'false', NULL),
(7, 'Q and A', '100', 38, 'false', NULL),
(8, 'Costume Designer', '100', 39, 'false', NULL),
(58, 'Swimsuit', '100', 38, 'false', NULL),
(64, 'Creative Design', '20', 43, 'false', NULL),
(65, 'Craftmanship', '20', 43, 'false', NULL),
(66, 'Artistic Merit', '15', 43, 'false', NULL),
(67, 'Color Presentation', '20', 43, 'false', NULL),
(68, 'Dramatic Impact', '25', 43, 'false', NULL),
(78, 'PRE JUDGING', '25', 44, 'false', NULL),
(79, 'PRODUCTION NUMBER', '20', 44, 'false', NULL),
(80, 'GROUP PERFORMANCE', '30', 44, 'false', NULL),
(81, 'SOLO PERFORMANCE', '25', 44, 'false', NULL),
(100, 'Pre Pageant Requirements', '10', 48, 'true', 16),
(101, 'Prelim Q&A', '20', 48, 'false', 16),
(102, 'Production', '10', 48, 'false', 16),
(103, 'ChokChuck', '10', 48, 'false', 16),
(104, 'Fun Waer', '10', 48, 'false', 16),
(105, 'Sports', '10', 48, 'false', 16),
(106, 'Swimsuit', '10', 48, 'false', 16),
(107, 'Debate', '10', 48, 'false', 16),
(108, 'Gown', '10', 48, 'false', 16),
(109, 'sfs', '32', 48, 'false', 17);

-- --------------------------------------------------------

--
-- Table structure for table `events`
--

CREATE TABLE `events` (
  `id` int(11) NOT NULL,
  `event_name` text NOT NULL,
  `event_description` text DEFAULT NULL,
  `event_date` text NOT NULL,
  `event_time` text NOT NULL,
  `event_venue` text NOT NULL,
  `created_at` datetime NOT NULL DEFAULT current_timestamp(),
  `is_start` text NOT NULL DEFAULT 'false'
) ENGINE=InnoDB DEFAULT CHARSET=utf8mb4 COLLATE=utf8mb4_general_ci;

--
-- Dumping data for table `events`
--

INSERT INTO `events` (`id`, `event_name`, `event_description`, `event_date`, `event_time`, `event_venue`, `created_at`, `is_start`) VALUES
(38, 'Binibining Toledo 2023', 'Preliminary Competition', '2023-05-06', '07:00', 'Toledo City Megadome', '2023-05-06 03:43:25', 'false'),
(39, 'Binibining Toledo 2023 - Costume Designer', 'Costume Designer Competition', '2023-05-06', '08:00', 'Toledo City Megadome', '2023-05-06 06:51:19', 'false'),
(43, 'Opening Salvo', 'Parade of Floats', '2023-06-01', '09:00', 'Toledo Parola', '2023-06-02 15:05:34', 'false'),
(44, 'Festival Queen', 'Festival Queen 2023', '2023-06-05', '19:00', 'Megadome', '2023-06-05 11:43:35', 'false'),
(48, 'QUEEN OF TOLEDO 2023', 'QUEEN OF TOLEDO 2023', '2023-06-06', '10:00', 'Toledo City Megadome', '2023-06-06 05:51:56', 'true');

-- --------------------------------------------------------

--
-- Table structure for table `judges`
--

CREATE TABLE `judges` (
  `id` int(11) NOT NULL,
  `event_id` int(11) NOT NULL,
  `judge_name` text NOT NULL,
  `judge_gender` text NOT NULL,
  `judge_username` text NOT NULL,
  `judge_password` text NOT NULL
) ENGINE=InnoDB DEFAULT CHARSET=utf8mb4 COLLATE=utf8mb4_general_ci;

--
-- Dumping data for table `judges`
--

INSERT INTO `judges` (`id`, `event_id`, `judge_name`, `judge_gender`, `judge_username`, `judge_password`) VALUES
(24, 38, 'Meng Ronquillo', '', 'judge1', 'password'),
(25, 38, 'Karla Supersoft', '', 'judge3', 'password'),
(26, 38, 'Ray John Lim', '', 'judge2', 'password'),
(27, 39, 'Ray John Lim', '', 'judge2-c', 'password'),
(28, 39, 'Karla Supersoft', '', 'judge3-c', 'password'),
(29, 39, 'Meng Ronquillo', '', 'judge1-c', 'password'),
(30, 38, 'Swimsuit - Judge 1', '', 'judge4', 'password'),
(31, 38, 'Swimsuit - Judge 2', '', 'judge5', 'password'),
(34, 43, 'Steven N. Sasan', '', 'steven_sasan', 'password'),
(35, 43, 'Ike Pacible', '', 'ike_pacible', 'password'),
(36, 43, 'Maribel Zamora', '', 'maribel_zamora', 'password'),
(38, 45, 'Jude June', '', 'june', 'asd'),
(39, 46, 'Ninzo', '', 'ninzo', 'password'),
(40, 44, 'Patrick Isorena', '', 'q-j1', 'password'),
(41, 44, 'Gener Caringal', '', 'q-j2', 'password'),
(42, 44, 'Nestor Jardin', '', 'q-j3', 'password'),
(43, 44, 'Robert Stephen Biadoma', '', 'q-j4', 'password'),
(44, 44, 'Renee Salud', '', 'q-j5', 'password'),
(45, 47, 'sample j1', '', 'sample-j1', 'password'),
(46, 48, 'jq1', '', 'jq1', 'password'),
(47, 48, 'jq2', '', 'jq2', 'password'),
(48, 48, 'jq3', '', 'jq3', 'password'),
(49, 48, 'jq4', '', 'jq4', 'password');

-- --------------------------------------------------------

--
-- Table structure for table `scores`
--

CREATE TABLE `scores` (
  `id` int(11) NOT NULL,
  `event_id` int(11) NOT NULL,
  `judge_id` int(11) NOT NULL,
  `criteria_id` int(11) NOT NULL,
  `contestant_id` int(11) NOT NULL,
  `score` float NOT NULL,
  `rank` text NOT NULL,
  `top_id` int(11) DEFAULT NULL
) ENGINE=InnoDB DEFAULT CHARSET=utf8mb4 COLLATE=utf8mb4_general_ci;

--
-- Dumping data for table `scores`
--

INSERT INTO `scores` (`id`, `event_id`, `judge_id`, `criteria_id`, `contestant_id`, `score`, `rank`, `top_id`) VALUES
(1268, 38, 24, 4, 69, 10, '1.5', NULL),
(1269, 38, 24, 4, 78, 10, '1.5', NULL),
(1270, 38, 24, 4, 81, 10, '1.5', NULL),
(1271, 38, 24, 4, 85, 10, '1.5', NULL),
(1272, 38, 24, 4, 79, 10, '1.5', NULL),
(1273, 38, 24, 4, 90, 10, '1.5', NULL),
(1274, 38, 24, 4, 87, 10, '1.5', NULL),
(1275, 38, 24, 4, 91, 10, '1.5', NULL),
(1276, 38, 24, 4, 97, 10, '1.5', NULL),
(1277, 38, 24, 4, 101, 10, '1.5', NULL),
(1278, 38, 24, 4, 102, 10, '1.5', NULL),
(1279, 38, 24, 4, 104, 10, '1.5', NULL),
(1280, 38, 24, 4, 73, 9, '13.5', NULL),
(1281, 38, 24, 4, 83, 9, '13.5', NULL),
(1282, 38, 24, 4, 86, 9, '13.5', NULL),
(1283, 38, 24, 4, 89, 9, '13.5', NULL),
(1284, 38, 24, 4, 94, 9, '13.5', NULL),
(1285, 38, 24, 4, 99, 9, '13.5', NULL),
(1286, 38, 24, 4, 103, 9, '13.5', NULL),
(1287, 38, 24, 4, 70, 8, '20.5', NULL),
(1288, 38, 24, 4, 71, 8, '20.5', NULL),
(1289, 38, 24, 4, 72, 8, '20.5', NULL),
(1290, 38, 24, 4, 74, 8, '20.5', NULL),
(1291, 38, 24, 4, 75, 8, '20.5', NULL),
(1292, 38, 24, 4, 76, 8, '20.5', NULL),
(1293, 38, 24, 4, 77, 8, '20.5', NULL),
(1294, 38, 24, 4, 80, 8, '20.5', NULL),
(1295, 38, 24, 4, 82, 8, '20.5', NULL),
(1296, 38, 24, 4, 84, 8, '20.5', NULL),
(1297, 38, 24, 4, 88, 8, '20.5', NULL),
(1298, 38, 24, 4, 92, 8, '20.5', NULL),
(1299, 38, 24, 4, 93, 8, '20.5', NULL),
(1300, 38, 24, 4, 95, 8, '20.5', NULL),
(1301, 38, 24, 4, 96, 8, '20.5', NULL),
(1302, 38, 24, 4, 98, 8, '20.5', NULL),
(1303, 38, 24, 4, 100, 8, '20.5', NULL),
(1304, 38, 24, 4, 105, 8, '20.5', NULL),
(1305, 38, 24, 4, 106, 8, '20.5', NULL),
(1306, 38, 26, 4, 83, 9.3, '1.5', NULL),
(1307, 38, 26, 4, 85, 9.3, '1.5', NULL),
(1308, 38, 26, 4, 87, 9.3, '1.5', NULL),
(1309, 38, 26, 4, 96, 9.3, '1.5', NULL),
(1310, 38, 26, 4, 75, 9.2, '5.5', NULL),
(1311, 38, 26, 4, 80, 9.2, '5.5', NULL),
(1312, 38, 26, 4, 84, 9.1, '9.5', NULL),
(1313, 38, 26, 4, 89, 9.2, '5.5', NULL),
(1314, 38, 26, 4, 93, 9.1, '9.5', NULL),
(1315, 38, 26, 4, 101, 9.2, '5.5', NULL),
(1316, 38, 26, 4, 90, 9.1, '9.5', NULL),
(1317, 38, 26, 4, 103, 9.1, '9.5', NULL),
(1318, 38, 26, 4, 104, 9.1, '9.5', NULL),
(1319, 38, 26, 4, 88, 9, '15.5', NULL),
(1320, 38, 26, 4, 71, 8.9, '20.5', NULL),
(1321, 38, 26, 4, 95, 8.9, '20.5', NULL),
(1322, 38, 26, 4, 98, 8.8, '24.5', NULL),
(1323, 38, 26, 4, 76, 8.7, '26.5', NULL),
(1324, 38, 26, 4, 91, 9.1, '9.5', NULL),
(1325, 38, 26, 4, 100, 8.7, '26.5', NULL),
(1326, 38, 26, 4, 106, 8.5, '33.5', NULL),
(1327, 38, 26, 4, 73, 8.3, '38', NULL),
(1328, 38, 26, 4, 81, 8.5, '33.5', NULL),
(1329, 38, 26, 4, 99, 8.7, '26.5', NULL),
(1330, 38, 26, 4, 77, 8.5, '33.5', NULL),
(1331, 38, 26, 4, 79, 8.7, '26.5', NULL),
(1332, 38, 26, 4, 72, 8.5, '33.5', NULL),
(1333, 38, 26, 4, 78, 8.7, '26.5', NULL),
(1334, 38, 26, 4, 69, 8.5, '33.5', NULL),
(1335, 38, 26, 4, 97, 8.9, '20.5', NULL),
(1336, 38, 26, 4, 74, 8.7, '26.5', NULL),
(1337, 38, 26, 4, 102, 9, '15.5', NULL),
(1338, 38, 26, 4, 70, 8.7, '26.5', NULL),
(1339, 38, 26, 4, 92, 9, '15.5', NULL),
(1340, 38, 26, 4, 105, 8.8, '24.5', NULL),
(1341, 38, 26, 4, 82, 9, '15.5', NULL),
(1342, 38, 26, 4, 94, 8.9, '20.5', NULL),
(1343, 38, 26, 4, 86, 9, '15.5', NULL),
(1344, 38, 25, 4, 101, 8.4, '2', NULL),
(1345, 38, 25, 4, 104, 8.7, '1', NULL),
(1346, 38, 25, 4, 102, 8.2, '3', NULL),
(1347, 38, 25, 4, 93, 8.1, '4.5', NULL),
(1348, 38, 25, 4, 103, 8.1, '4.5', NULL),
(1349, 38, 25, 4, 89, 8, '6.5', NULL),
(1350, 38, 25, 4, 92, 8, '6.5', NULL),
(1351, 38, 25, 4, 82, 7.9, '8', NULL),
(1352, 38, 25, 4, 80, 7.8, '9.5', NULL),
(1353, 38, 25, 4, 87, 7.8, '9.5', NULL),
(1354, 38, 25, 4, 96, 7.8, '9.5', NULL),
(1355, 38, 25, 4, 98, 7.8, '9.5', NULL),
(1356, 38, 25, 4, 105, 7.8, '9.5', NULL),
(1357, 38, 25, 4, 97, 7.7, '14', NULL),
(1358, 38, 25, 4, 94, 7.6, '15', NULL),
(1359, 38, 25, 4, 85, 7.4, '16.5', NULL),
(1360, 38, 25, 4, 90, 7.4, '16.5', NULL),
(1361, 38, 25, 4, 91, 7.3, '18.5', NULL),
(1362, 38, 25, 4, 95, 7.3, '18.5', NULL),
(1363, 38, 25, 4, 70, 7.2, '20.5', NULL),
(1364, 38, 25, 4, 88, 7.2, '20.5', NULL),
(1365, 38, 25, 4, 69, 7.1, '22.5', NULL),
(1366, 38, 25, 4, 75, 7.1, '22.5', NULL),
(1367, 38, 25, 4, 81, 7.1, '22.5', NULL),
(1368, 38, 25, 4, 74, 6.9, '25.5', NULL),
(1369, 38, 25, 4, 76, 6.9, '25.5', NULL),
(1370, 38, 25, 4, 84, 6.9, '25.5', NULL),
(1371, 38, 25, 4, 99, 6.9, '25.5', NULL),
(1372, 38, 25, 4, 78, 6.8, '29.5', NULL),
(1373, 38, 25, 4, 83, 6.8, '29.5', NULL),
(1374, 38, 25, 4, 77, 6.7, '31.5', NULL),
(1375, 38, 25, 4, 100, 6.7, '31.5', NULL),
(1376, 38, 25, 4, 73, 6.5, '33.5', NULL),
(1377, 38, 25, 4, 86, 6.5, '33.5', NULL),
(1378, 38, 25, 4, 106, 6.4, '35', NULL),
(1379, 38, 25, 4, 71, 6.3, '36.5', NULL),
(1380, 38, 25, 4, 72, 6.3, '36.5', NULL),
(1381, 38, 25, 4, 79, 6.2, '38', NULL),
(1382, 38, 24, 6, 70, 10, '1.5', NULL),
(1383, 38, 24, 6, 78, 10, '1.5', NULL),
(1384, 38, 24, 6, 92, 10, '1.5', NULL),
(1385, 38, 24, 6, 87, 10, '1.5', NULL),
(1386, 38, 24, 6, 89, 10, '1.5', NULL),
(1387, 38, 24, 6, 83, 10, '1.5', NULL),
(1388, 38, 24, 6, 85, 9, '7.5', NULL),
(1389, 38, 24, 6, 88, 9, '7.5', NULL),
(1390, 38, 24, 6, 96, 9, '7.5', NULL),
(1391, 38, 24, 6, 99, 9, '7.5', NULL),
(1392, 38, 24, 6, 101, 9, '7.5', NULL),
(1393, 38, 24, 6, 104, 9, '7.5', NULL),
(1394, 38, 24, 6, 69, 8, '13.5', NULL),
(1395, 38, 24, 6, 71, 8, '13.5', NULL),
(1396, 38, 24, 6, 74, 8, '13.5', NULL),
(1397, 38, 24, 6, 76, 8, '13.5', NULL),
(1398, 38, 24, 6, 77, 8, '13.5', NULL),
(1399, 38, 24, 6, 80, 8, '13.5', NULL),
(1400, 38, 24, 6, 81, 8, '13.5', NULL),
(1401, 38, 24, 6, 82, 8, '13.5', NULL),
(1402, 38, 24, 6, 84, 8, '13.5', NULL),
(1403, 38, 24, 6, 86, 8, '13.5', NULL),
(1404, 38, 24, 6, 91, 8, '13.5', NULL),
(1405, 38, 24, 6, 93, 8, '13.5', NULL),
(1406, 38, 24, 6, 94, 8, '13.5', NULL),
(1407, 38, 24, 6, 95, 8, '13.5', NULL),
(1408, 38, 24, 6, 97, 8, '13.5', NULL),
(1409, 38, 24, 6, 98, 8, '13.5', NULL),
(1410, 38, 24, 6, 103, 8, '13.5', NULL),
(1411, 38, 24, 6, 105, 8, '13.5', NULL),
(1412, 38, 24, 6, 106, 8, '13.5', NULL),
(1413, 38, 24, 6, 72, 7, '32.5', NULL),
(1414, 38, 24, 6, 73, 7, '32.5', NULL),
(1415, 38, 24, 6, 75, 7, '32.5', NULL),
(1416, 38, 24, 6, 79, 7, '32.5', NULL),
(1417, 38, 24, 6, 90, 7, '32.5', NULL),
(1418, 38, 24, 6, 100, 7, '32.5', NULL),
(1419, 38, 24, 6, 102, 7, '32.5', NULL),
(1420, 38, 26, 6, 84, 9.9, '1', NULL),
(1421, 38, 26, 6, 83, 9.8, '2', NULL),
(1422, 38, 26, 6, 78, 9.4, '4', NULL),
(1423, 38, 26, 6, 96, 9.5, '3', NULL),
(1424, 38, 26, 6, 82, 9.2, '6.5', NULL),
(1425, 38, 26, 6, 75, 9.3, '5', NULL),
(1426, 38, 26, 6, 85, 9.2, '6.5', NULL),
(1427, 38, 26, 6, 70, 9.1, '8.5', NULL),
(1428, 38, 26, 6, 89, 9.1, '8.5', NULL),
(1429, 38, 26, 6, 69, 9, '10.5', NULL),
(1430, 38, 26, 6, 74, 9, '10.5', NULL),
(1431, 38, 26, 6, 76, 9, '10.5', NULL),
(1432, 38, 26, 6, 77, 9, '10.5', NULL),
(1433, 38, 26, 6, 87, 9, '10.5', NULL),
(1434, 38, 26, 6, 102, 9, '10.5', NULL),
(1435, 38, 26, 6, 104, 9, '10.5', NULL),
(1436, 38, 26, 6, 71, 8.9, '17.5', NULL),
(1437, 38, 26, 6, 88, 8.9, '17.5', NULL),
(1438, 38, 26, 6, 80, 8.9, '17.5', NULL),
(1439, 38, 26, 6, 94, 8.9, '17.5', NULL),
(1440, 38, 26, 6, 97, 8.9, '17.5', NULL),
(1441, 38, 26, 6, 72, 8.7, '22.5', NULL),
(1442, 38, 26, 6, 79, 8.7, '22.5', NULL),
(1443, 38, 26, 6, 81, 8.7, '22.5', NULL),
(1444, 38, 26, 6, 86, 8.7, '22.5', NULL),
(1445, 38, 26, 6, 93, 8.7, '22.5', NULL),
(1446, 38, 26, 6, 73, 8.5, '27.5', NULL),
(1447, 38, 26, 6, 91, 8.5, '27.5', NULL),
(1448, 38, 26, 6, 92, 8.5, '27.5', NULL),
(1449, 38, 26, 6, 95, 8.5, '27.5', NULL),
(1450, 38, 26, 6, 98, 8.5, '27.5', NULL),
(1451, 38, 26, 6, 101, 8.5, '27.5', NULL),
(1452, 38, 26, 6, 103, 8.5, '27.5', NULL),
(1453, 38, 26, 6, 105, 8.5, '27.5', NULL),
(1454, 38, 26, 6, 90, 8.4, '35.5', NULL),
(1455, 38, 26, 6, 99, 8.4, '35.5', NULL),
(1456, 38, 26, 6, 100, 8.3, '37', NULL),
(1457, 38, 26, 6, 106, 8, '38', NULL),
(1458, 38, 25, 6, 101, 9.8, '2.5', NULL),
(1459, 38, 25, 6, 84, 10, '1', NULL),
(1460, 38, 25, 6, 80, 9.6, '5', NULL),
(1461, 38, 25, 6, 83, 9.7, '4', NULL),
(1462, 38, 25, 6, 104, 9.8, '2.5', NULL),
(1463, 38, 25, 6, 89, 9.4, '6', NULL),
(1464, 38, 25, 6, 78, 9.2, '7.5', NULL),
(1465, 38, 25, 6, 86, 9.2, '7.5', NULL),
(1466, 38, 25, 6, 92, 9.2, '7.5', NULL),
(1467, 38, 25, 6, 96, 9, '10.5', NULL),
(1468, 38, 25, 6, 99, 9, '10.5', NULL),
(1469, 38, 25, 6, 87, 8.9, '12.5', NULL),
(1470, 38, 25, 6, 93, 8.9, '12.5', NULL),
(1471, 38, 25, 6, 98, 8.9, '12.5', NULL),
(1472, 38, 25, 6, 102, 8.9, '12.5', NULL),
(1473, 38, 25, 6, 70, 8.8, '16.5', NULL),
(1474, 38, 25, 6, 85, 8.8, '16.5', NULL),
(1475, 38, 25, 6, 97, 8.7, '18.5', NULL),
(1476, 38, 25, 6, 105, 8.7, '18.5', NULL),
(1477, 38, 25, 6, 88, 8.6, '20', NULL),
(1478, 38, 25, 6, 82, 8.5, '21.5', NULL),
(1479, 38, 25, 6, 91, 8.5, '21.5', NULL),
(1480, 38, 25, 6, 72, 8.3, '23.5', NULL),
(1481, 38, 25, 6, 94, 8.3, '23.5', NULL),
(1482, 38, 25, 6, 69, 8.2, '25.5', NULL),
(1483, 38, 25, 6, 75, 8.2, '25.5', NULL),
(1484, 38, 25, 6, 77, 8.2, '25.5', NULL),
(1485, 38, 25, 6, 103, 8.2, '25.5', NULL),
(1486, 38, 25, 6, 74, 8.1, '29', NULL),
(1487, 38, 25, 6, 73, 7.9, '30.5', NULL),
(1488, 38, 25, 6, 90, 7.9, '30.5', NULL),
(1489, 38, 25, 6, 106, 7.9, '30.5', NULL),
(1490, 38, 25, 6, 76, 7.8, '33.5', NULL),
(1491, 38, 25, 6, 95, 7.8, '33.5', NULL),
(1492, 38, 25, 6, 79, 7.7, '35.5', NULL),
(1493, 38, 25, 6, 100, 7.7, '35.5', NULL),
(1494, 38, 25, 6, 81, 7.6, '37', NULL),
(1495, 38, 25, 6, 71, 7.5, '38', NULL),
(1496, 38, 25, 1, 96, 9.7, '1', NULL),
(1497, 38, 25, 1, 82, 9.5, '2.5', NULL),
(1498, 38, 25, 1, 101, 9.5, '2.5', NULL),
(1499, 38, 25, 1, 89, 9.3, '4.5', NULL),
(1500, 38, 25, 1, 104, 9.3, '4.5', NULL),
(1501, 38, 25, 1, 84, 9.2, '6', NULL),
(1502, 38, 25, 1, 86, 9.1, '7.5', NULL),
(1503, 38, 25, 1, 97, 9.1, '7.5', NULL),
(1504, 38, 25, 1, 103, 9.1, '7.5', NULL),
(1505, 38, 25, 1, 88, 8.9, '10.5', NULL),
(1506, 38, 25, 1, 90, 8.9, '10.5', NULL),
(1507, 38, 25, 1, 76, 8.8, '13.5', NULL),
(1508, 38, 25, 1, 100, 8.9, '10.5', NULL),
(1509, 38, 25, 1, 78, 8.8, '13.5', NULL),
(1510, 38, 25, 1, 105, 8.8, '13.5', NULL),
(1511, 38, 25, 1, 70, 8.7, '16', NULL),
(1512, 38, 25, 1, 87, 8.6, '17', NULL),
(1513, 38, 25, 1, 83, 8.5, '18.5', NULL),
(1514, 38, 25, 1, 93, 8.5, '18.5', NULL),
(1515, 38, 25, 1, 81, 8.4, '20', NULL),
(1516, 38, 25, 1, 75, 8, '21', NULL),
(1517, 38, 25, 1, 85, 7.9, '22.5', NULL),
(1518, 38, 25, 1, 91, 7.9, '22.5', NULL),
(1519, 38, 25, 1, 106, 7.9, '22.5', NULL),
(1520, 38, 25, 1, 69, 7.8, '25', NULL),
(1521, 38, 25, 1, 94, 7.7, '26', NULL),
(1522, 38, 25, 1, 99, 7.6, '27', NULL),
(1523, 38, 25, 1, 80, 7.5, '28', NULL),
(1524, 38, 25, 1, 98, 7.3, '29', NULL),
(1525, 38, 25, 1, 71, 7.2, '30.5', NULL),
(1526, 38, 25, 1, 74, 7.2, '30.5', NULL),
(1527, 38, 25, 1, 73, 6.9, '32', NULL),
(1528, 38, 25, 1, 72, 6.8, '33.5', NULL),
(1529, 38, 25, 1, 77, 6.8, '33.5', NULL),
(1530, 38, 25, 1, 79, 6.5, '35.5', NULL),
(1531, 38, 25, 1, 92, 6.5, '35.5', NULL),
(1532, 38, 25, 1, 95, 6.5, '35.5', NULL),
(1533, 38, 25, 1, 102, 6.5, '35.5', NULL),
(1534, 38, 24, 1, 82, 10, '1.5', NULL),
(1535, 38, 24, 1, 78, 10, '1.5', NULL),
(1536, 38, 24, 1, 88, 10, '1.5', NULL),
(1537, 38, 24, 1, 96, 10, '1.5', NULL),
(1538, 38, 24, 1, 89, 10, '1.5', NULL),
(1539, 38, 24, 1, 104, 10, '1.5', NULL),
(1540, 38, 24, 1, 106, 10, '1.5', NULL),
(1541, 38, 24, 1, 69, 9, '8.5', NULL),
(1542, 38, 24, 1, 72, 9, '8.5', NULL),
(1543, 38, 24, 1, 80, 9, '8.5', NULL),
(1544, 38, 24, 1, 98, 9, '8.5', NULL),
(1545, 38, 24, 1, 99, 9, '8.5', NULL),
(1546, 38, 24, 1, 101, 9, '8.5', NULL),
(1547, 38, 24, 1, 103, 9, '8.5', NULL),
(1548, 38, 24, 1, 76, 8, '15.5', NULL),
(1549, 38, 24, 1, 77, 8, '15.5', NULL),
(1550, 38, 24, 1, 81, 8, '15.5', NULL),
(1551, 38, 24, 1, 83, 8, '15.5', NULL),
(1552, 38, 24, 1, 92, 8, '15.5', NULL),
(1553, 38, 24, 1, 90, 8, '15.5', NULL),
(1554, 38, 24, 1, 93, 8, '15.5', NULL),
(1555, 38, 24, 1, 94, 8, '15.5', NULL),
(1556, 38, 24, 1, 95, 8, '15.5', NULL),
(1557, 38, 24, 1, 100, 8, '15.5', NULL),
(1558, 38, 24, 1, 102, 8, '15.5', NULL),
(1559, 38, 24, 1, 105, 8, '15.5', NULL),
(1560, 38, 24, 1, 70, 7, '27.5', NULL),
(1561, 38, 24, 1, 71, 7, '27.5', NULL),
(1562, 38, 24, 1, 73, 7, '27.5', NULL),
(1563, 38, 24, 1, 74, 7, '27.5', NULL),
(1564, 38, 24, 1, 79, 7, '27.5', NULL),
(1565, 38, 24, 1, 75, 7, '27.5', NULL),
(1566, 38, 24, 1, 84, 7, '27.5', NULL),
(1567, 38, 24, 1, 85, 7, '27.5', NULL),
(1568, 38, 24, 1, 86, 7, '27.5', NULL),
(1569, 38, 24, 1, 87, 7, '27.5', NULL),
(1570, 38, 24, 1, 91, 7, '27.5', NULL),
(1571, 38, 24, 1, 97, 7, '27.5', NULL),
(1572, 38, 26, 1, 101, 9.5, '2.5', NULL),
(1573, 38, 26, 1, 96, 9.5, '2.5', NULL),
(1574, 38, 26, 1, 104, 9.4, '4', NULL),
(1575, 38, 26, 1, 82, 9.7, '1', NULL),
(1576, 38, 26, 1, 84, 9.3, '5.5', NULL),
(1577, 38, 26, 1, 103, 9.3, '5.5', NULL),
(1578, 38, 26, 1, 83, 9.2, '7.5', NULL),
(1579, 38, 26, 1, 94, 9.2, '7.5', NULL),
(1580, 38, 26, 1, 71, 9, '9.5', NULL),
(1581, 38, 26, 1, 81, 9, '9.5', NULL),
(1582, 38, 26, 1, 86, 9, '9.5', NULL),
(1583, 38, 26, 1, 105, 8.8, '12', NULL),
(1584, 38, 26, 1, 97, 8.7, '13', NULL),
(1585, 38, 26, 1, 70, 8.5, '14.5', NULL),
(1586, 38, 26, 1, 85, 8.5, '14.5', NULL),
(1587, 38, 26, 1, 89, 8.5, '14.5', NULL),
(1588, 38, 26, 1, 98, 8.5, '14.5', NULL),
(1589, 38, 26, 1, 102, 8.5, '14.5', NULL),
(1590, 38, 26, 1, 106, 8.5, '14.5', NULL),
(1591, 38, 26, 1, 75, 8.3, '20.5', NULL),
(1592, 38, 26, 1, 91, 8.3, '20.5', NULL),
(1593, 38, 26, 1, 76, 8.2, '22.5', NULL),
(1594, 38, 26, 1, 93, 8.2, '22.5', NULL),
(1595, 38, 26, 1, 95, 8.2, '22.5', NULL),
(1596, 38, 26, 1, 99, 8.2, '22.5', NULL),
(1597, 38, 26, 1, 100, 8.2, '22.5', NULL),
(1598, 38, 26, 1, 78, 8.1, '27', NULL),
(1599, 38, 26, 1, 69, 8, '28.5', NULL),
(1600, 38, 26, 1, 77, 8, '28.5', NULL),
(1601, 38, 26, 1, 79, 8, '28.5', NULL),
(1602, 38, 26, 1, 88, 8, '28.5', NULL),
(1603, 38, 26, 1, 90, 8, '28.5', NULL),
(1604, 38, 26, 1, 80, 7.8, '33.5', NULL),
(1605, 38, 26, 1, 92, 7.8, '33.5', NULL),
(1606, 38, 26, 1, 72, 7.5, '35.5', NULL),
(1607, 38, 26, 1, 87, 7.5, '35.5', NULL),
(1608, 38, 26, 1, 73, 7, '37', NULL),
(1609, 38, 26, 1, 74, 6.9, '38', NULL),
(1610, 38, 24, 7, 69, 10, '1.5', NULL),
(1611, 38, 24, 7, 78, 10, '1.5', NULL),
(1612, 38, 24, 7, 85, 10, '1.5', NULL),
(1613, 38, 24, 7, 83, 10, '1.5', NULL),
(1614, 38, 24, 7, 87, 10, '1.5', NULL),
(1615, 38, 24, 7, 96, 10, '1.5', NULL),
(1616, 38, 24, 7, 97, 10, '1.5', NULL),
(1617, 38, 24, 7, 101, 10, '1.5', NULL),
(1618, 38, 24, 7, 106, 10, '1.5', NULL),
(1619, 38, 24, 7, 74, 9, '10.5', NULL),
(1620, 38, 24, 7, 76, 9, '10.5', NULL),
(1621, 38, 24, 7, 77, 9, '10.5', NULL),
(1622, 38, 24, 7, 84, 9, '10.5', NULL),
(1623, 38, 24, 7, 89, 9, '10.5', NULL),
(1624, 38, 24, 7, 91, 9, '10.5', NULL),
(1625, 38, 24, 7, 92, 9, '10.5', NULL),
(1626, 38, 24, 7, 95, 9, '10.5', NULL),
(1627, 38, 24, 7, 104, 9, '10.5', NULL),
(1628, 38, 24, 7, 70, 8, '19.5', NULL),
(1629, 38, 24, 7, 71, 8, '19.5', NULL),
(1630, 38, 24, 7, 79, 8, '19.5', NULL),
(1631, 38, 24, 7, 80, 8, '19.5', NULL),
(1632, 38, 24, 7, 81, 8, '19.5', NULL),
(1633, 38, 24, 7, 82, 8, '19.5', NULL),
(1634, 38, 24, 7, 86, 8, '19.5', NULL),
(1635, 38, 24, 7, 88, 8, '19.5', NULL),
(1636, 38, 24, 7, 90, 8, '19.5', NULL),
(1637, 38, 24, 7, 99, 8, '19.5', NULL),
(1638, 38, 24, 7, 102, 8, '19.5', NULL),
(1639, 38, 24, 7, 103, 8, '19.5', NULL),
(1640, 38, 24, 7, 75, 7, '32.5', NULL),
(1641, 38, 24, 7, 105, 8, '19.5', NULL),
(1642, 38, 24, 7, 93, 7, '32.5', NULL),
(1643, 38, 24, 7, 94, 7, '32.5', NULL),
(1644, 38, 24, 7, 98, 7, '32.5', NULL),
(1645, 38, 24, 7, 72, 6, '36.5', NULL),
(1646, 38, 24, 7, 73, 6, '36.5', NULL),
(1647, 38, 24, 7, 100, 6, '36.5', NULL),
(1648, 38, 26, 7, 101, 10, '1', NULL),
(1649, 38, 26, 7, 76, 9.7, '2.5', NULL),
(1650, 38, 26, 7, 83, 9.7, '2.5', NULL),
(1651, 38, 26, 7, 85, 9.7, '2.5', NULL),
(1652, 38, 26, 7, 97, 9.7, '2.5', NULL),
(1653, 38, 26, 7, 104, 9.7, '2.5', NULL),
(1654, 38, 26, 7, 70, 9.5, '7.5', NULL),
(1655, 38, 26, 7, 78, 9.5, '7.5', NULL),
(1656, 38, 26, 7, 84, 9.5, '7.5', NULL),
(1657, 38, 26, 7, 82, 9.5, '7.5', NULL),
(1658, 38, 26, 7, 87, 9.5, '7.5', NULL),
(1659, 38, 26, 7, 96, 9.5, '7.5', NULL),
(1660, 38, 26, 7, 81, 9.3, '13.5', NULL),
(1661, 38, 26, 7, 86, 9.3, '13.5', NULL),
(1662, 38, 26, 7, 105, 9.3, '13.5', NULL),
(1663, 38, 26, 7, 69, 9.2, '16.5', NULL),
(1664, 38, 26, 7, 71, 9.2, '16.5', NULL),
(1665, 38, 26, 7, 74, 9.2, '16.5', NULL),
(1666, 38, 26, 7, 75, 9.2, '16.5', NULL),
(1667, 38, 26, 7, 77, 9.2, '16.5', NULL),
(1668, 38, 26, 7, 88, 9.2, '16.5', NULL),
(1669, 38, 26, 7, 103, 9.2, '16.5', NULL),
(1670, 38, 26, 7, 106, 9.2, '16.5', NULL),
(1671, 38, 26, 7, 79, 9.1, '24.5', NULL),
(1672, 38, 26, 7, 93, 9.1, '24.5', NULL),
(1673, 38, 26, 7, 72, 9, '26.5', NULL),
(1674, 38, 26, 7, 80, 9, '26.5', NULL),
(1675, 38, 26, 7, 89, 9, '26.5', NULL),
(1676, 38, 26, 7, 90, 9, '26.5', NULL),
(1677, 38, 26, 7, 91, 9, '26.5', NULL),
(1678, 38, 26, 7, 92, 9, '26.5', NULL),
(1679, 38, 26, 7, 94, 9, '26.5', NULL),
(1680, 38, 26, 7, 95, 9, '26.5', NULL),
(1681, 38, 26, 7, 98, 9, '26.5', NULL),
(1682, 38, 26, 7, 99, 9, '26.5', NULL),
(1683, 38, 26, 7, 100, 9, '26.5', NULL),
(1684, 38, 26, 7, 102, 9, '26.5', NULL),
(1685, 38, 26, 7, 73, 8.9, '38', NULL),
(1686, 38, 25, 7, 101, 10, '1', NULL),
(1687, 38, 25, 7, 87, 9.5, '2.5', NULL),
(1688, 38, 25, 7, 96, 9.5, '2.5', NULL),
(1689, 38, 25, 7, 83, 9.3, '5.5', NULL),
(1690, 38, 25, 7, 89, 9.4, '4', NULL),
(1691, 38, 25, 7, 85, 9.3, '5.5', NULL),
(1692, 38, 25, 7, 82, 9.2, '7', NULL),
(1693, 38, 25, 7, 78, 9.1, '8.5', NULL),
(1694, 38, 25, 7, 97, 9.1, '8.5', NULL),
(1695, 38, 25, 7, 88, 9, '10', NULL),
(1696, 38, 25, 7, 84, 8.8, '11.5', NULL),
(1697, 38, 25, 7, 86, 8.8, '11.5', NULL),
(1698, 38, 25, 7, 105, 8.8, '11.5', NULL),
(1699, 38, 25, 7, 104, 8.7, '14.5', NULL),
(1700, 38, 25, 7, 77, 8.7, '14.5', NULL),
(1701, 38, 25, 7, 106, 8.7, '14.5', NULL),
(1702, 38, 25, 7, 76, 8.6, '17.5', NULL),
(1703, 38, 25, 7, 81, 8.6, '17.5', NULL),
(1704, 38, 25, 7, 99, 8.5, '19', NULL),
(1705, 38, 25, 7, 70, 8.4, '20.5', NULL),
(1706, 38, 25, 7, 74, 8.4, '20.5', NULL),
(1707, 38, 25, 7, 91, 8.4, '20.5', NULL),
(1708, 38, 25, 7, 94, 8.4, '20.5', NULL),
(1709, 38, 25, 7, 103, 8.4, '20.5', NULL),
(1710, 38, 25, 7, 90, 8.3, '25.5', NULL),
(1711, 38, 25, 7, 92, 8.3, '25.5', NULL),
(1712, 38, 25, 7, 93, 8.2, '27', NULL),
(1713, 38, 25, 7, 69, 8, '28.5', NULL),
(1714, 38, 25, 7, 71, 8, '28.5', NULL),
(1715, 38, 25, 7, 72, 8, '28.5', NULL),
(1716, 38, 25, 7, 73, 8, '28.5', NULL),
(1717, 38, 25, 7, 75, 8, '28.5', NULL),
(1718, 38, 25, 7, 79, 8, '28.5', NULL),
(1719, 38, 25, 7, 80, 8, '28.5', NULL),
(1720, 38, 25, 7, 95, 8, '28.5', NULL),
(1721, 38, 25, 7, 98, 8, '28.5', NULL),
(1722, 38, 25, 7, 100, 8, '28.5', NULL),
(1723, 38, 25, 7, 102, 8, '28.5', NULL),
(1724, 38, 24, 3, 71, 10, '1.5', NULL),
(1725, 38, 24, 3, 80, 10, '1.5', NULL),
(1726, 38, 24, 3, 81, 10, '1.5', NULL),
(1727, 38, 24, 3, 83, 10, '1.5', NULL),
(1728, 38, 24, 3, 87, 10, '1.5', NULL),
(1729, 38, 24, 3, 86, 10, '1.5', NULL),
(1730, 38, 24, 3, 90, 10, '1.5', NULL),
(1731, 38, 24, 3, 69, 9, '8.5', NULL),
(1732, 38, 24, 3, 70, 9, '8.5', NULL),
(1733, 38, 24, 3, 77, 9, '8.5', NULL),
(1734, 38, 24, 3, 84, 9, '8.5', NULL),
(1735, 38, 24, 3, 88, 9, '8.5', NULL),
(1736, 38, 24, 3, 89, 9, '8.5', NULL),
(1737, 38, 24, 3, 91, 9, '8.5', NULL),
(1738, 38, 24, 3, 97, 9, '8.5', NULL),
(1739, 38, 24, 3, 98, 9, '8.5', NULL),
(1740, 38, 24, 3, 99, 9, '8.5', NULL),
(1741, 38, 24, 3, 73, 8, '18.5', NULL),
(1742, 38, 24, 3, 79, 8, '18.5', NULL),
(1743, 38, 24, 3, 82, 8, '18.5', NULL),
(1744, 38, 24, 3, 85, 8, '18.5', NULL),
(1745, 38, 24, 3, 92, 8, '18.5', NULL),
(1746, 38, 24, 3, 100, 8, '18.5', NULL),
(1747, 38, 24, 3, 102, 8, '18.5', NULL),
(1748, 38, 24, 3, 103, 8, '18.5', NULL),
(1749, 38, 24, 3, 104, 8, '18.5', NULL),
(1750, 38, 24, 3, 72, 7, '27.5', NULL),
(1751, 38, 24, 3, 74, 7, '27.5', NULL),
(1752, 38, 24, 3, 75, 7, '27.5', NULL),
(1753, 38, 24, 3, 76, 7, '27.5', NULL),
(1754, 38, 24, 3, 78, 7, '27.5', NULL),
(1755, 38, 24, 3, 93, 7, '27.5', NULL),
(1756, 38, 24, 3, 94, 7, '27.5', NULL),
(1757, 38, 24, 3, 95, 7, '27.5', NULL),
(1758, 38, 24, 3, 96, 7, '27.5', NULL),
(1759, 38, 24, 3, 101, 7, '27.5', NULL),
(1760, 38, 24, 3, 105, 7, '27.5', NULL),
(1761, 38, 24, 3, 106, 7, '27.5', NULL),
(1762, 38, 26, 3, 98, 9.8, '1', NULL),
(1763, 38, 26, 3, 87, 9.7, '2.5', NULL),
(1764, 38, 26, 3, 82, 9.6, '4', NULL),
(1765, 38, 26, 3, 104, 9.7, '2.5', NULL),
(1766, 38, 26, 3, 90, 9.5, '5', NULL),
(1767, 38, 26, 3, 80, 9.1, '6', NULL),
(1768, 38, 26, 3, 71, 9, '7.5', NULL),
(1769, 38, 26, 3, 77, 9, '7.5', NULL),
(1770, 38, 26, 3, 78, 9, '7.5', NULL),
(1771, 38, 26, 3, 81, 9, '7.5', NULL),
(1772, 38, 26, 3, 86, 9, '7.5', NULL),
(1773, 38, 26, 3, 89, 9, '7.5', NULL),
(1774, 38, 26, 3, 72, 8.9, '13.5', NULL),
(1775, 38, 26, 3, 75, 8.9, '13.5', NULL),
(1776, 38, 26, 3, 91, 8.9, '13.5', NULL),
(1777, 38, 26, 3, 70, 8.7, '16.5', NULL),
(1778, 38, 26, 3, 76, 8.7, '16.5', NULL),
(1779, 38, 26, 3, 99, 8.7, '16.5', NULL),
(1780, 38, 26, 3, 69, 8.5, '19.5', NULL),
(1781, 38, 26, 3, 73, 8.5, '19.5', NULL),
(1782, 38, 26, 3, 79, 8.5, '19.5', NULL),
(1783, 38, 26, 3, 85, 8.5, '19.5', NULL),
(1784, 38, 26, 3, 88, 8.5, '19.5', NULL),
(1785, 38, 26, 3, 97, 8.5, '19.5', NULL),
(1786, 38, 26, 3, 102, 8.5, '19.5', NULL),
(1787, 38, 26, 3, 83, 8.3, '26.5', NULL),
(1788, 38, 26, 3, 92, 8.3, '26.5', NULL),
(1789, 38, 26, 3, 93, 8.3, '26.5', NULL),
(1790, 38, 26, 3, 94, 8.3, '26.5', NULL),
(1791, 38, 26, 3, 96, 8.3, '26.5', NULL),
(1792, 38, 26, 3, 101, 8.3, '26.5', NULL),
(1793, 38, 26, 3, 103, 8.3, '26.5', NULL),
(1794, 38, 26, 3, 105, 8.3, '26.5', NULL),
(1795, 38, 26, 3, 106, 8.3, '26.5', NULL),
(1796, 38, 26, 3, 74, 8.2, '35.5', NULL),
(1797, 38, 26, 3, 84, 8.2, '35.5', NULL),
(1798, 38, 26, 3, 100, 8, '37', NULL),
(1799, 38, 26, 3, 95, 7.5, '38', NULL),
(1800, 38, 25, 3, 87, 10, '1', NULL),
(1801, 38, 25, 3, 80, 9.6, '2.5', NULL),
(1802, 38, 25, 3, 86, 9.6, '2.5', NULL),
(1803, 38, 25, 3, 71, 9.5, '5.5', NULL),
(1804, 38, 25, 3, 82, 9.5, '5.5', NULL),
(1805, 38, 25, 3, 81, 9.3, '7.5', NULL),
(1806, 38, 25, 3, 90, 9.6, '2.5', NULL),
(1807, 38, 25, 3, 104, 9.3, '7.5', NULL),
(1808, 38, 25, 3, 105, 8.3, '7.5', NULL),
(1809, 38, 25, 3, 98, 9, '10', NULL),
(1810, 38, 25, 3, 78, 8.9, '11.5', NULL),
(1811, 38, 25, 3, 84, 8.9, '11.5', NULL),
(1812, 38, 25, 3, 97, 8.9, '11.5', NULL),
(1813, 38, 25, 3, 83, 8.8, '14.5', NULL),
(1814, 38, 25, 3, 89, 8.8, '14.5', NULL),
(1815, 38, 25, 3, 73, 8.5, '16.5', NULL),
(1816, 38, 25, 3, 93, 8.5, '16.5', NULL),
(1817, 38, 25, 3, 99, 8.5, '16.5', NULL),
(1818, 38, 25, 3, 91, 8.4, '19.5', NULL),
(1819, 38, 25, 3, 101, 8.4, '19.5', NULL),
(1820, 38, 25, 3, 88, 8.3, '21.5', NULL),
(1821, 38, 25, 3, 94, 8.3, '21.5', NULL),
(1822, 38, 25, 3, 70, 8.2, '23', NULL),
(1823, 38, 25, 3, 76, 8.1, '24.5', NULL),
(1824, 38, 25, 3, 96, 8.1, '24.5', NULL),
(1825, 38, 25, 3, 92, 8, '26', NULL),
(1826, 38, 25, 3, 75, 7.9, '27.5', NULL),
(1827, 38, 25, 3, 103, 7.9, '27.5', NULL),
(1828, 38, 25, 3, 72, 7.8, '29', NULL),
(1829, 38, 25, 3, 106, 7.7, '30', NULL),
(1830, 38, 25, 3, 85, 7.5, '31.5', NULL),
(1831, 38, 25, 3, 102, 7.5, '31.5', NULL),
(1832, 38, 25, 3, 69, 7.4, '33', NULL),
(1833, 38, 25, 3, 77, 7.3, '34', NULL),
(1834, 38, 25, 3, 79, 7.1, '35', NULL),
(1835, 38, 25, 3, 74, 7, '36.5', NULL),
(1836, 38, 25, 3, 95, 7, '36.5', NULL),
(1837, 38, 25, 3, 100, 6.5, '38', NULL),
(1838, 38, 30, 58, 85, 9, '2', NULL),
(1839, 38, 30, 58, 84, 9.1, '1', NULL),
(1840, 38, 30, 58, 101, 8.9, '3.5', NULL),
(1841, 38, 30, 58, 104, 8.9, '3.5', NULL),
(1842, 38, 30, 58, 83, 8.4, '6', NULL),
(1843, 38, 30, 58, 96, 8.5, '5', NULL),
(1844, 38, 30, 58, 76, 8.3, '7.5', NULL),
(1845, 38, 30, 58, 103, 8.3, '7.5', NULL),
(1846, 38, 30, 58, 75, 8, '9.5', NULL),
(1847, 38, 30, 58, 93, 8, '9.5', NULL),
(1848, 38, 30, 58, 95, 8, '9.5', NULL),
(1849, 38, 30, 58, 78, 7.3, '12.5', NULL),
(1850, 38, 30, 58, 87, 7.3, '12.5', NULL),
(1851, 38, 30, 58, 92, 7.1, '14', NULL),
(1852, 38, 30, 58, 74, 7, '15.5', NULL),
(1853, 38, 30, 58, 82, 7, '15.5', NULL),
(1854, 38, 30, 58, 97, 7, '15.5', NULL),
(1855, 38, 30, 58, 105, 7, '15.5', NULL),
(1856, 38, 30, 58, 98, 6.9, '19', NULL),
(1857, 38, 30, 58, 86, 6.7, '20.5', NULL),
(1858, 38, 30, 58, 102, 6.7, '20.5', NULL),
(1859, 38, 30, 58, 72, 6.6, '22.5', NULL),
(1860, 38, 30, 58, 73, 6.6, '22.5', NULL),
(1861, 38, 30, 58, 70, 6.5, '24.5', NULL),
(1862, 38, 30, 58, 71, 6.5, '24.5', NULL),
(1863, 38, 30, 58, 77, 6.4, '26', NULL),
(1864, 38, 30, 58, 69, 6.3, '27', NULL),
(1865, 38, 30, 58, 88, 6.2, '28', NULL),
(1866, 38, 30, 58, 81, 6.1, '29.5', NULL),
(1867, 38, 30, 58, 89, 6.1, '29.5', NULL),
(1868, 38, 30, 58, 79, 6, '31.5', NULL),
(1869, 38, 30, 58, 80, 6, '31.5', NULL),
(1870, 38, 30, 58, 90, 6, '31.5', NULL),
(1871, 38, 30, 58, 91, 6, '31.5', NULL),
(1872, 38, 30, 58, 94, 6, '31.5', NULL),
(1873, 38, 30, 58, 100, 6, '31.5', NULL),
(1874, 38, 30, 58, 106, 6, '31.5', NULL),
(1875, 38, 30, 58, 99, 1, '38', NULL),
(1876, 38, 31, 58, 83, 9.5, '1', NULL),
(1877, 38, 31, 58, 76, 9.4, '2', NULL),
(1878, 38, 31, 58, 70, 9.3, '3.5', NULL),
(1879, 38, 31, 58, 82, 9.3, '3.5', NULL),
(1880, 38, 31, 58, 91, 9.3, '3.5', NULL),
(1881, 38, 31, 58, 75, 9.2, '6.5', NULL),
(1882, 38, 31, 58, 96, 9.2, '6.5', NULL),
(1883, 38, 31, 58, 101, 9, '8', NULL),
(1884, 38, 31, 58, 87, 8.9, '9', NULL),
(1885, 38, 31, 58, 97, 8.7, '10.5', NULL),
(1886, 38, 31, 58, 103, 8.7, '10.5', NULL),
(1887, 38, 31, 58, 80, 8.5, '12.5', NULL),
(1888, 38, 31, 58, 81, 8.5, '12.5', NULL),
(1889, 38, 31, 58, 89, 8.3, '14.5', NULL),
(1890, 38, 31, 58, 98, 8.3, '14.5', NULL),
(1891, 38, 31, 58, 104, 8.2, '16', NULL),
(1892, 38, 31, 58, 79, 8.1, '17', NULL),
(1893, 38, 31, 58, 102, 7.9, '18', NULL),
(1894, 38, 31, 58, 85, 7.8, '19.5', NULL),
(1895, 38, 31, 58, 88, 7.8, '19.5', NULL),
(1896, 38, 31, 58, 71, 7.7, '21.5', NULL),
(1897, 38, 31, 58, 93, 7.7, '21.5', NULL),
(1898, 38, 31, 58, 95, 7.5, '24', NULL),
(1899, 38, 31, 58, 84, 7.6, '23', NULL),
(1900, 38, 31, 58, 74, 7.4, '25', NULL),
(1901, 38, 31, 58, 78, 7.3, '26.5', NULL),
(1902, 38, 31, 58, 105, 7.3, '26.5', NULL),
(1903, 38, 31, 58, 69, 7.1, '28', NULL),
(1904, 38, 31, 58, 77, 7, '29', NULL),
(1905, 38, 31, 58, 72, 6.9, '30.5', NULL),
(1906, 38, 31, 58, 92, 6.9, '30.5', NULL),
(1907, 38, 31, 58, 86, 6.8, '32.5', NULL),
(1908, 38, 31, 58, 90, 6.8, '32.5', NULL),
(1909, 38, 31, 58, 94, 6.8, '32.5', NULL),
(1910, 38, 31, 58, 73, 6.7, '35', NULL),
(1911, 38, 31, 58, 100, 6.5, '36', NULL),
(1912, 38, 31, 58, 106, 6.1, '37', NULL),
(1913, 38, 31, 58, 99, 1, '38', NULL),
(1914, 39, 28, 8, 109, 9.5, '1.5', NULL),
(1915, 39, 28, 8, 121, 9.5, '1.5', NULL),
(1916, 39, 28, 8, 140, 9.5, '1.5', NULL),
(1917, 39, 28, 8, 128, 9.4, '4', NULL),
(1918, 39, 28, 8, 122, 9.3, '5.5', NULL),
(1919, 39, 28, 8, 135, 9.3, '5.5', NULL),
(1920, 39, 28, 8, 143, 9.3, '5.5', NULL),
(1921, 39, 28, 8, 117, 9.2, '8', NULL),
(1922, 39, 28, 8, 132, 9.1, '9.5', NULL),
(1923, 39, 28, 8, 142, 9.1, '9.5', NULL),
(1924, 39, 28, 8, 115, 9, '11.5', NULL),
(1925, 39, 28, 8, 123, 9, '11.5', NULL),
(1926, 39, 28, 8, 127, 9, '11.5', NULL),
(1927, 39, 28, 8, 136, 8.9, '14', NULL),
(1928, 39, 28, 8, 108, 8.8, '15.5', NULL),
(1929, 39, 28, 8, 125, 8.8, '15.5', NULL),
(1930, 39, 28, 8, 129, 8.7, '17.5', NULL),
(1931, 39, 28, 8, 144, 8.7, '17.5', NULL),
(1932, 39, 28, 8, 120, 8.6, '19.5', NULL),
(1933, 39, 28, 8, 145, 8.6, '19.5', NULL),
(1934, 39, 28, 8, 130, 8.4, '21', NULL),
(1935, 39, 28, 8, 139, 8.3, '22', NULL),
(1936, 39, 28, 8, 114, 8.1, '23.5', NULL),
(1937, 39, 28, 8, 124, 8.1, '23.5', NULL),
(1938, 39, 28, 8, 138, 7.8, '25', NULL),
(1939, 39, 28, 8, 113, 7.4, '26', NULL),
(1940, 39, 28, 8, 116, 7.3, '27.5', NULL),
(1941, 39, 28, 8, 126, 7.3, '27.5', NULL),
(1942, 39, 28, 8, 133, 7.2, '29.5', NULL),
(1943, 39, 28, 8, 137, 7.2, '29.5', NULL),
(1944, 39, 28, 8, 112, 7.1, '31.5', NULL),
(1945, 39, 28, 8, 119, 7.1, '31.5', NULL),
(1946, 39, 28, 8, 110, 7, '33', NULL),
(1947, 39, 28, 8, 118, 6.8, '34.5', NULL),
(1948, 39, 28, 8, 131, 6.8, '34.5', NULL),
(1949, 39, 28, 8, 134, 6.8, '34.5', NULL),
(1950, 39, 28, 8, 111, 6.7, '37', NULL),
(1951, 39, 28, 8, 141, 6.5, '38', NULL),
(1952, 39, 27, 8, 140, 10, '1', NULL),
(1953, 39, 27, 8, 123, 9.9, '2', NULL),
(1954, 39, 27, 8, 135, 9.8, '3', NULL),
(1955, 39, 27, 8, 109, 9.7, '4.5', NULL),
(1956, 39, 27, 8, 110, 9.7, '4.5', NULL),
(1957, 39, 27, 8, 121, 9.7, '4.5', NULL),
(1958, 39, 27, 8, 122, 9.7, '4.5', NULL),
(1959, 39, 27, 8, 142, 9.7, '4.5', NULL),
(1960, 39, 27, 8, 115, 9.5, '9.5', NULL),
(1961, 39, 27, 8, 124, 9.5, '9.5', NULL),
(1962, 39, 27, 8, 125, 9.5, '9.5', NULL),
(1963, 39, 27, 8, 128, 9.5, '9.5', NULL),
(1964, 39, 27, 8, 133, 9.5, '9.5', NULL),
(1965, 39, 27, 8, 143, 9.5, '9.5', NULL),
(1966, 39, 27, 8, 141, 9, '15', NULL),
(1967, 39, 27, 8, 108, 8.7, '16.5', NULL),
(1968, 39, 27, 8, 114, 8.7, '16.5', NULL),
(1969, 39, 27, 8, 117, 8.7, '16.5', NULL),
(1970, 39, 27, 8, 119, 8.7, '16.5', NULL),
(1971, 39, 27, 8, 127, 8.7, '16.5', NULL),
(1972, 39, 27, 8, 130, 8.7, '16.5', NULL),
(1973, 39, 27, 8, 132, 8.7, '16.5', NULL),
(1974, 39, 27, 8, 111, 8.5, '23.5', NULL),
(1975, 39, 27, 8, 113, 8.5, '23.5', NULL),
(1976, 39, 27, 8, 118, 8.5, '23.5', NULL),
(1977, 39, 27, 8, 120, 8.5, '23.5', NULL),
(1978, 39, 27, 8, 126, 8.5, '23.5', NULL),
(1979, 39, 27, 8, 134, 8.5, '23.5', NULL),
(1980, 39, 27, 8, 136, 8.5, '23.5', NULL),
(1981, 39, 27, 8, 137, 8.5, '23.5', NULL),
(1982, 39, 27, 8, 138, 8.5, '23.5', NULL),
(1983, 39, 27, 8, 144, 8.3, '32', NULL),
(1984, 39, 27, 8, 112, 8.2, '33.5', NULL),
(1985, 39, 27, 8, 116, 8.2, '33.5', NULL),
(1986, 39, 27, 8, 129, 8.2, '33.5', NULL),
(1987, 39, 27, 8, 131, 8.2, '33.5', NULL),
(1988, 39, 27, 8, 139, 8.2, '33.5', NULL),
(1989, 39, 27, 8, 145, 8, '38', NULL),
(1990, 39, 29, 8, 111, 10, '1.5', NULL),
(1991, 39, 29, 8, 108, 10, '1.5', NULL),
(1992, 39, 29, 8, 117, 10, '1.5', NULL),
(1993, 39, 29, 8, 116, 10, '1.5', NULL),
(1994, 39, 29, 8, 127, 10, '1.5', NULL),
(1995, 39, 29, 8, 128, 10, '1.5', NULL),
(1996, 39, 29, 8, 135, 10, '1.5', NULL),
(1997, 39, 29, 8, 138, 10, '1.5', NULL),
(1998, 39, 29, 8, 143, 10, '1.5', NULL),
(1999, 39, 29, 8, 109, 9, '10.5', NULL),
(2000, 39, 29, 8, 119, 9, '10.5', NULL),
(2001, 39, 29, 8, 120, 9, '10.5', NULL),
(2002, 39, 29, 8, 121, 9, '10.5', NULL),
(2003, 39, 29, 8, 122, 9, '10.5', NULL),
(2004, 39, 29, 8, 125, 9, '10.5', NULL),
(2005, 39, 29, 8, 131, 9, '10.5', NULL),
(2006, 39, 29, 8, 133, 9, '10.5', NULL),
(2007, 39, 29, 8, 134, 9, '10.5', NULL),
(2008, 39, 29, 8, 139, 9, '10.5', NULL),
(2009, 39, 29, 8, 140, 9, '10.5', NULL),
(2010, 39, 29, 8, 145, 9, '10.5', NULL),
(2011, 39, 29, 8, 110, 8, '22.5', NULL),
(2012, 39, 29, 8, 112, 8, '22.5', NULL),
(2013, 39, 29, 8, 113, 8, '22.5', NULL),
(2014, 39, 29, 8, 114, 8, '22.5', NULL),
(2015, 39, 29, 8, 115, 8, '22.5', NULL),
(2016, 39, 29, 8, 123, 8, '22.5', NULL),
(2017, 39, 29, 8, 124, 8, '22.5', NULL),
(2018, 39, 29, 8, 130, 8, '22.5', NULL),
(2019, 39, 29, 8, 132, 8, '22.5', NULL),
(2020, 39, 29, 8, 136, 8, '22.5', NULL),
(2021, 39, 29, 8, 137, 8, '22.5', NULL),
(2022, 39, 29, 8, 141, 8, '22.5', NULL),
(2023, 39, 29, 8, 142, 8, '22.5', NULL),
(2024, 39, 29, 8, 144, 8, '22.5', NULL),
(2025, 39, 29, 8, 118, 7, '36.5', NULL),
(2026, 39, 29, 8, 126, 7, '36.5', NULL),
(2027, 39, 29, 8, 129, 7, '36.5', NULL),
(2028, 43, 34, 66, 160, 15, '1', NULL),
(2029, 43, 34, 66, 158, 12, '3', NULL),
(2030, 43, 34, 66, 159, 13, '2', NULL),
(2031, 43, 34, 65, 159, 18, '1', NULL),
(2032, 43, 34, 65, 160, 12, '3', NULL),
(2033, 43, 34, 65, 158, 17, '2', NULL),
(2034, 43, 34, 64, 160, 20, '1', NULL),
(2035, 43, 34, 64, 159, 18, '2', NULL),
(2036, 43, 34, 64, 158, 15, '3', NULL),
(2037, 43, 34, 67, 160, 18, '1', NULL),
(2038, 43, 34, 67, 158, 17, '2', NULL),
(2039, 43, 34, 67, 159, 13, '3', NULL),
(2040, 43, 34, 68, 160, 25, '1', NULL),
(2041, 43, 34, 68, 159, 23, '2', NULL),
(2042, 43, 34, 68, 158, 10, '3', NULL),
(2043, 43, 35, 66, 159, 11, '1.5', NULL),
(2044, 43, 35, 66, 160, 11, '1.5', NULL),
(2045, 43, 35, 66, 158, 10, '3', NULL),
(2046, 43, 35, 67, 159, 16, '1.5', NULL),
(2047, 43, 35, 67, 160, 16, '1.5', NULL),
(2048, 43, 35, 67, 158, 15, '3', NULL),
(2049, 43, 35, 65, 159, 18, '1.5', NULL),
(2050, 43, 35, 65, 158, 15, '3', NULL),
(2051, 43, 35, 65, 160, 18, '1.5', NULL),
(2052, 43, 35, 64, 160, 17, '1', NULL),
(2053, 43, 35, 64, 158, 15, '3', NULL),
(2054, 43, 35, 64, 159, 16, '2', NULL),
(2055, 43, 35, 68, 158, 20, '1.5', NULL),
(2056, 43, 35, 68, 160, 20, '1.5', NULL),
(2057, 43, 35, 68, 159, 20, '1.5', NULL),
(2058, 43, 36, 68, 160, 20, '1', NULL),
(2059, 43, 36, 68, 158, 18, '2.5', NULL),
(2060, 43, 36, 68, 159, 18, '2.5', NULL),
(2061, 43, 36, 64, 160, 18, '1', NULL),
(2062, 43, 36, 64, 158, 16, '2.5', NULL),
(2063, 43, 36, 64, 159, 16, '2.5', NULL),
(2064, 43, 36, 65, 160, 19, '1', NULL),
(2065, 43, 36, 65, 158, 18, '2.5', NULL),
(2066, 43, 36, 65, 159, 18, '2.5', NULL),
(2067, 43, 36, 67, 158, 17, '1.5', NULL),
(2068, 43, 36, 67, 160, 17, '1.5', NULL),
(2069, 43, 36, 67, 159, 16, '3', NULL),
(2070, 43, 36, 66, 158, 13, '1.5', NULL),
(2071, 43, 36, 66, 160, 13, '1.5', NULL),
(2072, 43, 36, 66, 159, 12, '3', NULL),
(2115, 44, 44, 78, 166, 25, '1.5', NULL),
(2116, 44, 44, 78, 167, 25, '1.5', NULL),
(2117, 44, 44, 78, 169, 24, '3.5', NULL),
(2118, 44, 44, 78, 165, 20, '6', NULL),
(2119, 44, 44, 78, 172, 24, '3.5', NULL),
(2120, 44, 44, 78, 170, 23, '5', NULL),
(2121, 44, 44, 78, 173, 18, '7', NULL),
(2122, 44, 44, 78, 174, 17, '8', NULL),
(2123, 44, 44, 78, 168, 14, '9.5', NULL),
(2124, 44, 44, 78, 171, 14, '9.5', NULL),
(2125, 44, 42, 78, 167, 22, '1', NULL),
(2126, 44, 42, 78, 166, 21, '2', NULL),
(2127, 44, 42, 78, 172, 20.5, '3', NULL),
(2128, 44, 42, 78, 168, 19, '6.5', NULL),
(2129, 44, 42, 78, 169, 19.5, '5', NULL),
(2130, 44, 42, 78, 165, 20, '4', NULL),
(2131, 44, 42, 78, 173, 19, '6.5', NULL),
(2132, 44, 42, 78, 171, 18.5, '8', NULL),
(2133, 44, 42, 78, 170, 18, '9', NULL),
(2134, 44, 42, 78, 174, 17.5, '10', NULL),
(2135, 44, 40, 78, 172, 22, '1.5', NULL),
(2136, 44, 40, 78, 166, 22, '1.5', NULL),
(2137, 44, 40, 78, 165, 21, '3.5', NULL),
(2138, 44, 40, 78, 167, 21, '3.5', NULL),
(2139, 44, 40, 78, 168, 21, '3.5', NULL),
(2140, 44, 40, 78, 171, 21, '3.5', NULL),
(2141, 44, 40, 78, 169, 20, '7.5', NULL),
(2142, 44, 40, 78, 170, 20, '7.5', NULL),
(2143, 44, 40, 78, 173, 20, '7.5', NULL),
(2144, 44, 40, 78, 174, 20, '7.5', NULL),
(2145, 44, 43, 78, 167, 22, '2', NULL),
(2146, 44, 43, 78, 166, 23, '1', NULL),
(2147, 44, 43, 78, 172, 21, '3', NULL),
(2148, 44, 43, 78, 165, 20.5, '4', NULL),
(2149, 44, 43, 78, 173, 19.5, '6', NULL),
(2150, 44, 43, 78, 169, 20, '5', NULL),
(2151, 44, 43, 78, 168, 19, '7', NULL),
(2152, 44, 43, 78, 170, 18, '8.5', NULL),
(2153, 44, 43, 78, 171, 18, '8.5', NULL),
(2154, 44, 43, 78, 174, 17, '10', NULL),
(2155, 44, 41, 78, 166, 23, '1', NULL),
(2156, 44, 41, 78, 167, 22, '2', NULL),
(2157, 44, 41, 78, 165, 21, '3', NULL),
(2158, 44, 41, 78, 172, 20, '4', NULL),
(2159, 44, 41, 78, 168, 19, '5', NULL),
(2160, 44, 41, 78, 169, 19, '6.5', NULL),
(2161, 44, 41, 78, 170, 19, '6.5', NULL),
(2162, 44, 41, 78, 173, 19, '6.5', NULL),
(2163, 44, 41, 78, 174, 19, '6.5', NULL),
(2164, 44, 41, 78, 171, 18, '10', NULL),
(2165, 44, 44, 79, 165, 20, '1.5', NULL),
(2166, 44, 44, 79, 166, 20, '1.5', NULL),
(2167, 44, 44, 79, 172, 20, '1.5', NULL),
(2168, 44, 44, 79, 167, 20, '1.5', NULL),
(2169, 44, 44, 79, 169, 18, '5', NULL),
(2170, 44, 44, 79, 170, 13, '6', NULL),
(2171, 44, 44, 79, 171, 12, '7.5', NULL),
(2172, 44, 44, 79, 173, 12, '7.5', NULL),
(2173, 44, 44, 79, 168, 10, '9.5', NULL),
(2174, 44, 44, 79, 174, 10, '9.5', NULL),
(2175, 44, 40, 79, 167, 20, '1', NULL),
(2176, 44, 40, 79, 166, 19, '2', NULL),
(2177, 44, 40, 79, 168, 18, '3.5', NULL),
(2178, 44, 40, 79, 172, 18, '3.5', NULL),
(2179, 44, 40, 79, 165, 18, '3.5', NULL),
(2180, 44, 40, 79, 174, 18, '3.5', NULL),
(2181, 44, 40, 79, 169, 17, '7.5', NULL),
(2182, 44, 40, 79, 170, 17, '7.5', NULL),
(2183, 44, 40, 79, 171, 17, '7.5', NULL),
(2184, 44, 40, 79, 173, 17, '7.5', NULL),
(2185, 44, 43, 79, 167, 20, '1', NULL),
(2186, 44, 43, 79, 168, 19, '2', NULL),
(2187, 44, 43, 79, 166, 18, '3', NULL),
(2188, 44, 43, 79, 165, 17.5, '4', NULL),
(2189, 44, 43, 79, 173, 17, '5', NULL),
(2190, 44, 43, 79, 174, 16.5, '6', NULL),
(2191, 44, 43, 79, 169, 16, '7', NULL),
(2192, 44, 43, 79, 171, 15.5, '8', NULL),
(2193, 44, 43, 79, 170, 15, '9.5', NULL),
(2194, 44, 43, 79, 172, 15, '9.5', NULL),
(2195, 44, 42, 79, 167, 19, '1', NULL),
(2196, 44, 42, 79, 166, 18.5, '2', NULL),
(2197, 44, 42, 79, 165, 18, '3', NULL),
(2198, 44, 42, 79, 172, 17.8, '4', NULL),
(2199, 44, 42, 79, 171, 17.2, '6', NULL),
(2200, 44, 42, 79, 170, 17.4, '5', NULL),
(2201, 44, 42, 79, 168, 17, '7', NULL),
(2202, 44, 42, 79, 173, 16.7, '8', NULL),
(2203, 44, 42, 79, 169, 16.5, '9.5', NULL),
(2204, 44, 42, 79, 174, 16.5, '9.5', NULL),
(2205, 44, 41, 79, 165, 18, '2.5', NULL),
(2206, 44, 41, 79, 166, 19, '1', NULL),
(2207, 44, 41, 79, 167, 17, '6.5', NULL),
(2208, 44, 41, 79, 171, 18, '2.5', NULL),
(2209, 44, 41, 79, 173, 18, '2.5', NULL),
(2210, 44, 41, 79, 174, 18, '2.5', NULL),
(2211, 44, 41, 79, 169, 17, '6.5', NULL),
(2212, 44, 41, 79, 170, 17, '6.5', NULL),
(2213, 44, 41, 79, 172, 17, '6.5', NULL),
(2214, 44, 41, 79, 168, 16, '10', NULL),
(2215, 44, 43, 80, 171, 29, '1', NULL),
(2216, 44, 43, 80, 167, 28, '2', NULL),
(2217, 44, 43, 80, 173, 26, '6', NULL),
(2218, 44, 43, 80, 168, 27.5, '3', NULL),
(2219, 44, 43, 80, 170, 27, '4.5', NULL),
(2220, 44, 43, 80, 166, 27, '4.5', NULL),
(2221, 44, 43, 80, 174, 25, '7', NULL),
(2222, 44, 43, 80, 172, 24, '8', NULL),
(2223, 44, 43, 80, 165, 23, '9', NULL),
(2224, 44, 43, 80, 169, 22, '10', NULL),
(2225, 44, 42, 80, 168, 28.5, '2', NULL),
(2226, 44, 42, 80, 167, 29, '1', NULL),
(2227, 44, 42, 80, 166, 28, '3', NULL),
(2228, 44, 42, 80, 169, 27.5, '4', NULL),
(2229, 44, 42, 80, 165, 27, '6', NULL),
(2230, 44, 42, 80, 170, 26.5, '7', NULL),
(2231, 44, 42, 80, 172, 27.2, '5', NULL),
(2232, 44, 42, 80, 171, 26, '8', NULL),
(2233, 44, 42, 80, 173, 25.5, '9', NULL),
(2234, 44, 42, 80, 174, 25.2, '10', NULL),
(2235, 44, 44, 80, 166, 28, '1', NULL),
(2236, 44, 44, 80, 173, 26, '3', NULL),
(2237, 44, 44, 80, 168, 27, '2', NULL),
(2238, 44, 44, 80, 167, 25, '4', NULL),
(2239, 44, 44, 80, 165, 20, '5.5', NULL),
(2240, 44, 44, 80, 174, 20, '5.5', NULL),
(2241, 44, 44, 80, 170, 19, '7', NULL),
(2242, 44, 44, 80, 169, 18, '8', NULL),
(2243, 44, 44, 80, 171, 15, '9.5', NULL),
(2244, 44, 44, 80, 172, 15, '9.5', NULL),
(2245, 44, 40, 80, 167, 29, '1.5', NULL),
(2246, 44, 40, 80, 173, 29, '1.5', NULL),
(2247, 44, 40, 80, 166, 28, '3.5', NULL),
(2248, 44, 40, 80, 165, 27, '5.5', NULL),
(2249, 44, 40, 80, 170, 27, '5.5', NULL),
(2250, 44, 40, 80, 172, 27, '5.5', NULL),
(2251, 44, 40, 80, 168, 28, '3.5', NULL),
(2252, 44, 40, 80, 174, 27, '5.5', NULL),
(2253, 44, 40, 80, 169, 26, '9.5', NULL),
(2254, 44, 40, 80, 171, 26, '9.5', NULL),
(2255, 44, 41, 80, 167, 25, '2', NULL),
(2256, 44, 41, 80, 166, 27, '1', NULL),
(2257, 44, 41, 80, 168, 23, '6.5', NULL),
(2258, 44, 41, 80, 170, 23, '6.5', NULL),
(2259, 44, 41, 80, 169, 24, '3.5', NULL),
(2260, 44, 41, 80, 172, 24, '3.5', NULL),
(2261, 44, 41, 80, 165, 24, '3.5', NULL),
(2262, 44, 41, 80, 171, 23, '6.5', NULL),
(2263, 44, 41, 80, 173, 23, '6.5', NULL),
(2264, 44, 41, 80, 174, 22, '10', NULL),
(2265, 44, 44, 81, 166, 24, '2.5', NULL),
(2266, 44, 44, 81, 167, 25, '1', NULL),
(2267, 44, 44, 81, 168, 24, '2.5', NULL),
(2268, 44, 44, 81, 169, 23, '4', NULL),
(2269, 44, 44, 81, 172, 19, '5', NULL),
(2270, 44, 44, 81, 165, 18, '6.5', NULL),
(2271, 44, 44, 81, 170, 18, '6.5', NULL),
(2272, 44, 44, 81, 173, 18, '6.5', NULL),
(2273, 44, 44, 81, 174, 18, '6.5', NULL),
(2274, 44, 44, 81, 171, 17, '10', NULL),
(2275, 44, 43, 81, 167, 23, '2', NULL),
(2276, 44, 43, 81, 168, 25, '1', NULL),
(2277, 44, 43, 81, 173, 22.5, '3', NULL),
(2278, 44, 43, 81, 166, 22, '4', NULL),
(2279, 44, 43, 81, 174, 21.5, '5', NULL),
(2280, 44, 43, 81, 172, 21, '6', NULL),
(2281, 44, 43, 81, 171, 20.5, '7', NULL),
(2282, 44, 43, 81, 170, 20, '8', NULL),
(2283, 44, 43, 81, 165, 19, '9', NULL),
(2284, 44, 43, 81, 169, 18, '10', NULL),
(2285, 44, 42, 81, 169, 22, '2', NULL),
(2286, 44, 42, 81, 167, 23, '1', NULL),
(2287, 44, 42, 81, 166, 21.5, '4', NULL),
(2288, 44, 42, 81, 170, 21.8, '3', NULL),
(2289, 44, 42, 81, 171, 21.2, '5', NULL),
(2290, 44, 42, 81, 165, 21, '6', NULL),
(2291, 44, 42, 81, 172, 20.8, '7', NULL),
(2292, 44, 42, 81, 173, 20.5, '8', NULL),
(2293, 44, 42, 81, 168, 20, '9', NULL),
(2294, 44, 42, 81, 174, 19.5, '10', NULL),
(2295, 44, 41, 81, 166, 23, '1.5', NULL),
(2296, 44, 41, 81, 173, 23, '1.5', NULL),
(2297, 44, 41, 81, 165, 22, '3.5', NULL),
(2298, 44, 41, 81, 170, 22, '3.5', NULL),
(2299, 44, 41, 81, 172, 22, '3.5', NULL),
(2300, 44, 41, 81, 174, 22, '3.5', NULL),
(2301, 44, 41, 81, 167, 21, '7.5', NULL),
(2302, 44, 41, 81, 169, 21, '7.5', NULL),
(2303, 44, 41, 81, 171, 21, '7.5', NULL),
(2304, 44, 41, 81, 168, 20, '10', NULL),
(2305, 44, 40, 81, 168, 23, '1', NULL),
(2306, 44, 40, 81, 167, 22, '2.5', NULL),
(2307, 44, 40, 81, 166, 21, '4.5', NULL),
(2308, 44, 40, 81, 169, 22, '2.5', NULL),
(2309, 44, 40, 81, 170, 21, '4.5', NULL),
(2310, 44, 40, 81, 171, 21, '4.5', NULL),
(2311, 44, 40, 81, 173, 21, '4.5', NULL),
(2312, 44, 40, 81, 174, 21, '4.5', NULL),
(2313, 44, 40, 81, 165, 20, '9.5', NULL),
(2314, 44, 40, 81, 172, 20, '9.5', NULL);

-- --------------------------------------------------------

--
-- Table structure for table `tops`
--

CREATE TABLE `tops` (
  `id` int(11) NOT NULL,
  `name` varchar(255) DEFAULT NULL,
  `event_id` int(11) NOT NULL,
  `is_show` text NOT NULL DEFAULT 'false'
) ENGINE=InnoDB DEFAULT CHARSET=utf8mb4 COLLATE=utf8mb4_general_ci;

--
-- Dumping data for table `tops`
--

INSERT INTO `tops` (`id`, `name`, `event_id`, `is_show`) VALUES
(16, 'Top 5', 48, 'false'),
(17, 'Top 3', 48, 'true');

-- --------------------------------------------------------

--
-- Table structure for table `users`
--

CREATE TABLE `users` (
  `id` int(11) NOT NULL,
  `first_name` text NOT NULL,
  `middle_name` text NOT NULL,
  `last_name` text NOT NULL,
  `username` text NOT NULL,
  `password` text NOT NULL
) ENGINE=InnoDB DEFAULT CHARSET=utf8mb4 COLLATE=utf8mb4_general_ci;

--
-- Dumping data for table `users`
--

INSERT INTO `users` (`id`, `first_name`, `middle_name`, `last_name`, `username`, `password`) VALUES
(1, 'Admin', '', '', 'admin', 'admin');

--
-- Indexes for dumped tables
--

--
-- Indexes for table `contestants`
--
ALTER TABLE `contestants`
  ADD PRIMARY KEY (`id`);

--
-- Indexes for table `criteria`
--
ALTER TABLE `criteria`
  ADD PRIMARY KEY (`id`);

--
-- Indexes for table `events`
--
ALTER TABLE `events`
  ADD PRIMARY KEY (`id`);

--
-- Indexes for table `judges`
--
ALTER TABLE `judges`
  ADD PRIMARY KEY (`id`);

--
-- Indexes for table `scores`
--
ALTER TABLE `scores`
  ADD PRIMARY KEY (`id`);

--
-- Indexes for table `tops`
--
ALTER TABLE `tops`
  ADD PRIMARY KEY (`id`);

--
-- Indexes for table `users`
--
ALTER TABLE `users`
  ADD PRIMARY KEY (`id`),
  ADD UNIQUE KEY `username` (`username`) USING HASH;

--
-- AUTO_INCREMENT for dumped tables
--

--
-- AUTO_INCREMENT for table `contestants`
--
ALTER TABLE `contestants`
  MODIFY `id` int(11) NOT NULL AUTO_INCREMENT, AUTO_INCREMENT=199;

--
-- AUTO_INCREMENT for table `criteria`
--
ALTER TABLE `criteria`
  MODIFY `id` int(11) NOT NULL AUTO_INCREMENT, AUTO_INCREMENT=110;

--
-- AUTO_INCREMENT for table `events`
--
ALTER TABLE `events`
  MODIFY `id` int(11) NOT NULL AUTO_INCREMENT, AUTO_INCREMENT=49;

--
-- AUTO_INCREMENT for table `judges`
--
ALTER TABLE `judges`
  MODIFY `id` int(11) NOT NULL AUTO_INCREMENT, AUTO_INCREMENT=50;

--
-- AUTO_INCREMENT for table `scores`
--
ALTER TABLE `scores`
  MODIFY `id` int(11) NOT NULL AUTO_INCREMENT, AUTO_INCREMENT=2375;

--
-- AUTO_INCREMENT for table `tops`
--
ALTER TABLE `tops`
  MODIFY `id` int(11) NOT NULL AUTO_INCREMENT, AUTO_INCREMENT=18;

--
-- AUTO_INCREMENT for table `users`
--
ALTER TABLE `users`
  MODIFY `id` int(11) NOT NULL AUTO_INCREMENT, AUTO_INCREMENT=2;
COMMIT;

/*!40101 SET CHARACTER_SET_CLIENT=@OLD_CHARACTER_SET_CLIENT */;
/*!40101 SET CHARACTER_SET_RESULTS=@OLD_CHARACTER_SET_RESULTS */;
/*!40101 SET COLLATION_CONNECTION=@OLD_COLLATION_CONNECTION */;
