-- phpMyAdmin SQL Dump
-- version 5.2.1
-- https://www.phpmyadmin.net/
--
-- Host: 127.0.0.1
-- Generation Time: Jun 12, 2023 at 04:49 PM
-- Server version: 10.4.28-MariaDB
-- PHP Version: 8.0.28

SET SQL_MODE = "NO_AUTO_VALUE_ON_ZERO";
START TRANSACTION;
SET time_zone = "+00:00";


/*!40101 SET @OLD_CHARACTER_SET_CLIENT=@@CHARACTER_SET_CLIENT */;
/*!40101 SET @OLD_CHARACTER_SET_RESULTS=@@CHARACTER_SET_RESULTS */;
/*!40101 SET @OLD_COLLATION_CONNECTION=@@COLLATION_CONNECTION */;
/*!40101 SET NAMES utf8mb4 */;

--
-- Database: `tabulation`
--

-- --------------------------------------------------------

--
-- Table structure for table `contestants`
--

CREATE TABLE `contestants` (
  `id` int(11) NOT NULL,
  `contestant_number` text NOT NULL,
  `contestant_name` text NOT NULL,
  `contestant_description` text DEFAULT NULL,
  `event_id` int(11) NOT NULL,
  `top_id` int(11) DEFAULT NULL
) ENGINE=InnoDB DEFAULT CHARSET=utf8mb4 COLLATE=utf8mb4_general_ci;

--
-- Dumping data for table `contestants`
--

INSERT INTO `contestants` (`id`, `contestant_number`, `contestant_name`, `contestant_description`, `event_id`, `top_id`) VALUES
(69, '1', 'Clavel Saransan', 'Awihao', 38, 26),
(70, '2', 'Samantha C. Resuelo', 'Bagakay', 38, 23),
(71, '3', 'Maria Fahmela Lasco', 'Bato', 38, 26),
(72, '4', 'Maria Cendy B. Bolo', 'Biga', 38, 26),
(73, '5', 'Angyl Mae Villahermosa', 'Bulongan', 38, 26),
(74, '6', 'Kathleen Echavez', 'Bunga', 38, 26),
(75, '7', 'Karryl A. Sevilla', 'Cabitoonan', 38, 26),
(76, '8', 'Ayezah B. Resurreccion', 'Calong-calong', 38, 26),
(77, '9', 'Adhe Lorly J. Igot', 'Cambang-Ug', 38, 26),
(78, '10', 'Julia Aliganga', 'Campo 8', 38, 20),
(79, '11', 'Shaira Marish Nacua', 'Canlumampao', 38, 26),
(80, '12', 'Kizzyl Claire Mamugay', 'Cantabaco', 38, 20),
(81, '13', 'Theffany D. De Gracia', 'Captain Claudio', 38, 20),
(82, '14', 'Angellene Grace B. Repollo', 'Carmen', 38, 20),
(83, '15', 'Kim Irish Placibe', 'Daanlungsod', 38, 23),
(84, '16', 'Rio B. Calonia', 'Don Andres Soriano', 38, 21),
(85, '17', 'Marie Jhuls T. Codino', 'Dumlog', 38, 20),
(86, '18', 'Lorraine L. Tan', 'Gen. Climaco', 38, 20),
(87, '19', 'Mikaela Marie M. Caparida', 'Ibo', 38, 20),
(88, '20', 'Chirique Ramos', 'Ilihan', 38, 26),
(89, '21', 'Mariel Anne Jestre', 'Juan Climaco Sr.', 38, 20),
(90, '22', 'Sarah Jean T. Caliguid', 'Landahan', 38, 26),
(91, '23', 'Lyca Mae A. Reston', 'Loay', 38, 26),
(92, '24', 'Sarah Jane O. Calope', 'Luray II', 38, 26),
(93, '25', 'Irish Mae Nicole P. Erediano', 'Matab-ang', 38, 26),
(94, '26', 'Lady Ann Hilaria Manulat', 'Media Once', 38, 26),
(95, '27', 'Chen Maturan', 'Pangamihan', 38, 26),
(96, '28', 'Rikka R. Alcomendras', 'Poblacion', 38, 21),
(97, '29', 'Lara Faith Longakit', 'Poog', 38, 20),
(98, '30', 'Lady Rose Brazona', 'Puting Bato', 38, 26),
(99, '31', 'Bernadette Ortega', 'Sagay', 38, 26),
(100, '32', 'Mary An E. Mendrez', 'Sam-ang', 38, 26),
(101, '33', 'Krystle Delasa', 'Sangi', 38, 23),
(102, '34', 'Lyca Marchellin D. Diang', 'Santo Niño', 38, 26),
(103, '35', 'Honey Faith C. Diaz', 'Subayon', 38, 20),
(104, '36', 'Axel E. Purisima', 'Talavera', 38, 20),
(105, '37', 'Cherry Ann Mahilum', 'Tubod', 38, 26),
(106, '38', 'Ida B. Panday', 'Tungkay', 38, 26),
(108, '1', 'Clavel Saransan', 'Awihao', 39, 24),
(109, '2', 'Samantha C. Resuelo', 'Bagakay', 39, 24),
(110, '3', 'Maria Fahmela Lasco', 'Bato', 39, 24),
(111, '4', 'Maria Cendy B. Bolo', 'Biga', 39, 24),
(112, '5', 'Angyl Mae Villahermosa', 'Bulongan', 39, 24),
(113, '6', 'Kathleen Echavez', 'Bunga', 39, 24),
(114, '7', 'Karryl A. Sevilla', 'Cabitoonan', 39, 24),
(115, '8', 'Ayezah B. Resurreccion', 'Calong-calong', 39, 24),
(116, '9', 'Adhe Lorly J. Igot', 'Cambang-Ug', 39, 24),
(117, '10', 'Julia Aliganga', 'Campo 8', 39, 24),
(118, '11', 'Shaira Marish Nacua', 'Canlumampao', 39, 24),
(119, '12', 'Kizzyl Claire Mamugay', 'Cantabaco', 39, 24),
(120, '13', 'Theffany D. De Gracia', 'Captain Claudio', 39, 24),
(121, '14', 'Angellene Grace B. Repollo', 'Carmen', 39, 24),
(122, '15', 'Kim Irish Placibe', 'Daanlungsod', 39, 24),
(123, '16', 'Rio B. Calonia', 'Don Andres Soriano', 39, 24),
(124, '17', 'Marie Jhuls T. Codino', 'Dumlog', 39, 24),
(125, '18', 'Lorraine L. Tan', 'Gen. Climaco', 39, 24),
(126, '19', 'Mikaela Marie M. Caparida', 'Ibo', 39, 24),
(127, '20', 'Chirique Ramos', 'Ilihan', 39, 24),
(128, '21', 'Mariel Anne Jestre', 'Juan Climaco Sr.', 39, 24),
(129, '22', 'Sarah Jean T. Caliguid', 'Landahan', 39, 24),
(130, '23', 'Lyca Mae A. Reston', 'Loay', 39, 24),
(131, '24', 'Sarah Jane O. Calope', 'Luray II', 39, 24),
(132, '25', 'Irish Mae Nicole P. Erediano', 'Matab-ang', 39, 24),
(133, '26', 'Lady Ann Hilaria Manulat', 'Media Once', 39, 24),
(134, '27', 'Chen Maturan', 'Pangamihan', 39, 24),
(135, '28', 'Rikka R. Alcomendras', 'Poblacion', 39, 24),
(136, '29', 'Lara Faith Longakit', 'Poog', 39, 24),
(137, '30', 'Lady Rose Brazona', 'Puting Bato', 39, 24),
(138, '31', 'Bernadette Ortega', 'Sagay', 39, 24),
(139, '32', 'Mary An E. Mendrez', 'Sam-ang', 39, 24),
(140, '33', 'Krystle Delasa', 'Sangi', 39, 24),
(141, '34', 'Lyca Marchellin D. Diang', 'Santo Niño', 39, 24),
(142, '35', 'Honey Faith C. Diaz', 'Subayon', 39, 24),
(143, '36', 'Axel E. Purisima', 'Talavera', 39, 24),
(144, '37', 'Cherry Ann Mahilum', 'Tubod', 39, 24),
(145, '39', 'Ida B. Panday', 'Tungkay', 39, 24),
(157, '1', 'rdgrdg', 'fhgfhf', 42, NULL),
(158, '1', 'Carmen Copper', 'Contingent', 43, NULL),
(159, '2', 'Atlas Corporation', 'Contingent', 43, NULL),
(160, '3', 'Global Power Corporation', 'Contingent', 43, NULL),
(161, '1', 'boang ka', 'bakhaw', 45, NULL),
(162, '2', 'amaw ka', 'Waragud', 45, NULL),
(163, '1', 'Angel', 'Nino', 46, NULL),
(164, '2', 'Borekat', 'you', 46, NULL),
(165, '1', 'Shayne Jivah Blanco', 'TRIBU MAKUGIHANONG KABATAN-ONAN SA TOLEDO', 44, NULL),
(166, '2', 'Aliyah Kim M. Regalado', 'TRIBU MAGMIMINA', 44, NULL),
(167, '3', 'Erika Bianca B. Quillobe', 'TRIBU CANLOBICAMP', 44, NULL),
(168, '4', 'Luiza Daniela Matsumura', 'TRIBU KARAANONG LUNGSOD NGA TOLEDONHON', 44, NULL),
(169, '5', 'Kathleen B. Villacencio', 'TRIBU BAGATOONAN CLIMBANG-UG', 44, NULL),
(170, '6', 'Nash Quinnamae Vertucio', 'LA CULTURA DE TOLEDO DANCE COMPANY', 44, NULL),
(171, '7', 'Valerie Odhelle C. Patalinjug', 'TRIBU LOUD AND PROUD TOLEDONHONS', 44, NULL),
(172, '8', 'Niña Mae Ricaña', 'TRIBU BULAWANONG PANAGHIGALAAY', 44, NULL),
(173, '9', 'Shiera Mendrez', 'TRIBU AWIHANSAGYON', 44, NULL),
(174, '10', 'Kathleen Caserial', 'PUNDOK MADASIGONG MANANAYAW SA TOLEDO', 44, NULL),
(179, '1', 'con1', 'con1', 47, NULL),
(180, '2', 'con2', 'con2', 47, 13),
(181, '3', 'con3', 'con3', 47, 13),
(182, '4', 'con4', 'con4', 47, NULL),
(183, '5', 'con5', 'con5', 47, NULL),
(184, '1', 'Maria Precious', 'Contingent', 48, 16),
(185, '2', 'Reyna Reya', 'Contingent', 48, 16),
(186, '3', 'Susmeta Sen', 'Contingent', 48, 16),
(187, '4', 'Roxanne', 'Contingent', 48, 16),
(188, '5', 'Via Birao', 'Contingent', 48, 16),
(189, '6', 'Jhai Albia', 'Contingent', 48, 16),
(190, '7', 'Gabriela Fernandez', 'Contingent', 48, 16),
(191, '8', 'Tine Pauly', 'Contingent', 48, 16),
(192, '9', 'Lovi Poe', 'Contingent', 48, 16),
(193, '10', 'Kim Delos Reyes', 'Contingent', 48, 16),
(194, '11', 'Janine Tuazon', 'Contingent', 48, 16),
(195, '12', 'Katey Phoebe Declines', 'Contingent', 48, 16),
(196, '13', 'Niña Collins Oberez', 'Contingent', 48, 16),
(197, '14', 'Evanka Erwin', 'Contingent', 48, 16),
(198, '15', 'Janna Abalde', 'Contingent', 48, 16),
(199, '1', 'Tribu Makugihanong Kabatan-onan sa Toledo', 'Contingent', 49, 28),
(200, '2', 'Tribu Magmimina', 'Contingent', 49, 28),
(201, '3', 'Tribu Canlobicamp', 'Contingent', 49, 28),
(202, '4', 'Tribu Karaanong Lungsod nga Toledonhon', 'Contingent', 49, 28),
(203, '5', 'Tribu Bagatoonan Climbang-Ug', 'Contingent', 49, 28),
(204, '6', 'La Cultura De Toledo Dance Company', 'Contingent', 49, 28),
(205, '7', 'Tribu Loud and Proud Toledonhons', 'Contingent', 49, 28),
(206, '8', 'Tribu Bulawanong Panaghigalaay', 'Contingent', 49, 28),
(207, '9', 'Tribu Awihansagyon', 'Contingent', 49, 28),
(208, '10', 'Pundok Madasigong Mananayaw sa Toledo', 'Contingent', 49, 28);

-- --------------------------------------------------------

--
-- Table structure for table `criteria`
--

CREATE TABLE `criteria` (
  `id` int(11) NOT NULL,
  `criteria_name` text NOT NULL,
  `criteria_percentage` text NOT NULL DEFAULT '100',
  `event_id` int(11) NOT NULL,
  `is_show` text NOT NULL DEFAULT 'false',
  `top_id` int(11) DEFAULT NULL
) ENGINE=InnoDB DEFAULT CHARSET=utf8mb4 COLLATE=utf8mb4_general_ci;

--
-- Dumping data for table `criteria`
--

INSERT INTO `criteria` (`id`, `criteria_name`, `criteria_percentage`, `event_id`, `is_show`, `top_id`) VALUES
(1, 'Localized Costume', '100', 38, 'false', 19),
(3, 'Talent', '100', 38, 'false', 19),
(4, 'Casual Attire', '100', 38, 'false', 19),
(6, 'Evening Gown', '100', 38, 'false', 19),
(7, 'Q and A', '100', 38, 'false', 19),
(8, 'Costume Designer', '100', 39, 'false', 24),
(58, 'Swimsuit', '100', 38, 'false', 19),
(64, 'Creative Design', '20', 43, 'false', NULL),
(65, 'Craftmanship', '20', 43, 'false', NULL),
(66, 'Artistic Merit', '15', 43, 'false', NULL),
(67, 'Color Presentation', '20', 43, 'false', NULL),
(68, 'Dramatic Impact', '25', 43, 'false', NULL),
(78, 'PRE JUDGING', '25', 44, 'false', NULL),
(79, 'PRODUCTION NUMBER', '20', 44, 'false', NULL),
(80, 'GROUP PERFORMANCE', '30', 44, 'false', NULL),
(81, 'SOLO PERFORMANCE', '25', 44, 'false', NULL),
(100, 'Pre Pageant Requirements', '10', 48, 'false', 16),
(101, 'Prelim Q&A', '20', 48, 'false', 16),
(102, 'Production', '10', 48, 'false', 16),
(103, 'ChokChuck', '10', 48, 'false', 16),
(104, 'Fun Wear', '10', 48, 'false', 16),
(105, 'Sports', '10', 48, 'false', 16),
(106, 'Swimsuit', '10', 48, 'false', 16),
(108, 'Gown', '10', 48, 'false', 16),
(110, 'Confidence', '20', 48, 'false', 17),
(111, 'X-Factor', '20', 48, 'false', 17),
(112, 'Beauty', '20', 48, 'false', 17),
(113, 'Intelligence', '40', 48, 'false', 17),
(115, 'Swimsuit', '10', 38, 'false', 20),
(116, 'Long Gown', '10', 38, 'false', 20),
(117, 'Beauty', '40', 38, 'false', 21),
(118, 'Intelligence', '30', 38, 'false', 21),
(119, 'Stage Deportment', '20', 38, 'false', 21),
(120, 'Personality/Overall Impression', '10', 38, 'false', 21),
(121, 'Beauty', '60', 38, 'false', 23),
(122, 'Intelligence', '40', 38, 'false', 23),
(125, 'Evening Gown Designer', '10', 38, 'false', 25),
(126, 'Production Number', '10', 38, 'false', 26),
(127, 'Movement Creation', '20', 49, 'false', 27),
(128, 'Execution & Performance', '40', 49, 'false', 27),
(129, 'Visual Appeal', '10', 49, 'false', 27),
(130, 'Audience Impact', '10', 49, 'false', 27),
(131, 'Discipline', '20', 49, 'false', 27),
(132, 'Theme/Concept/Ritual', '20', 49, 'false', 28),
(133, 'Choreography', '25', 49, 'false', 28),
(134, 'Overall Performance', '25', 49, 'false', 28),
(135, 'Costumes', '20', 49, 'false', 28),
(136, 'Props', '10', 49, 'false', 28),
(137, 'Overall Appearance/Theme/Concept', '25', 49, 'false', 29),
(138, 'Construction Quality', '25', 49, 'false', 29),
(139, 'Originality', '25', 49, 'false', 29),
(140, 'Quality of Audio/Sound System', '25', 49, 'false', 29),
(141, 'Overall Appearance/Theme/Concept', '50', 49, 'false', 30),
(142, 'Construction Quality', '30', 49, 'false', 30),
(143, 'Originality', '20', 49, 'false', 30),
(144, 'Audio Visual Presentation (AVP)', '10', 49, 'false', 32);

-- --------------------------------------------------------

--
-- Table structure for table `events`
--

CREATE TABLE `events` (
  `id` int(11) NOT NULL,
  `event_name` text NOT NULL,
  `event_description` text DEFAULT NULL,
  `event_date` text NOT NULL,
  `event_time` text NOT NULL,
  `event_venue` text NOT NULL,
  `created_at` datetime NOT NULL DEFAULT current_timestamp(),
  `is_start` text NOT NULL DEFAULT 'false'
) ENGINE=InnoDB DEFAULT CHARSET=utf8mb4 COLLATE=utf8mb4_general_ci;

--
-- Dumping data for table `events`
--

INSERT INTO `events` (`id`, `event_name`, `event_description`, `event_date`, `event_time`, `event_venue`, `created_at`, `is_start`) VALUES
(38, 'Binibining Toledo 2023', 'Binibining Toledo Competition', '2023-06-09', '20:00', 'Toledo City Megadome', '2023-05-06 03:43:25', 'false'),
(39, 'Binibining Toledo 2023 - Costume Designer', 'Costume Designer Competition', '2023-05-06', '08:00', 'Toledo City Megadome', '2023-05-06 06:51:19', 'false'),
(43, 'Opening Salvo', 'Parade of Floats', '2023-06-01', '09:00', 'Toledo Parola', '2023-06-02 15:05:34', 'false'),
(44, 'Festival Queen', 'Festival Queen 2023', '2023-06-05', '19:00', 'Megadome', '2023-06-05 11:43:35', 'false'),
(48, 'QUEEN OF TOLEDO 2023', 'QUEEN OF TOLEDO 2023', '2023-06-06', '10:00', 'Toledo City Megadome', '2023-06-06 05:51:56', 'false'),
(49, 'Toledo Fiesta Events', 'Street Dancing - Ritual/Final Performance - Decorated Audiovan - Andas - AVP', '2023-06-12', '13:00', 'Toledo', '2023-06-12 09:25:36', 'true');

-- --------------------------------------------------------

--
-- Table structure for table `judges`
--

CREATE TABLE `judges` (
  `id` int(11) NOT NULL,
  `event_id` int(11) NOT NULL,
  `judge_name` text NOT NULL,
  `judge_gender` text NOT NULL,
  `judge_username` text NOT NULL,
  `judge_password` text NOT NULL
) ENGINE=InnoDB DEFAULT CHARSET=utf8mb4 COLLATE=utf8mb4_general_ci;

--
-- Dumping data for table `judges`
--

INSERT INTO `judges` (`id`, `event_id`, `judge_name`, `judge_gender`, `judge_username`, `judge_password`) VALUES
(24, 38, 'Meng Ronquillo', '', 'judge1', 'password'),
(25, 38, 'Karla Supersoft', '', 'judge3', 'password'),
(26, 38, 'Ray John Lim', '', 'judge2', 'password'),
(27, 39, 'Ray John Lim', '', 'judge2-c', 'password'),
(28, 39, 'Karla Supersoft', '', 'judge3-c', 'password'),
(29, 39, 'Meng Ronquillo', '', 'judge1-c', 'password'),
(30, 38, 'Swimsuit - Judge 1', '', 'judge4', 'password'),
(31, 38, 'Swimsuit - Judge 2', '', 'judge5', 'password'),
(34, 43, 'Steven N. Sasan', '', 'steven_sasan', 'password'),
(35, 43, 'Ike Pacible', '', 'ike_pacible', 'password'),
(36, 43, 'Maribel Zamora', '', 'maribel_zamora', 'password'),
(38, 45, 'Jude June', '', 'june', 'asd'),
(39, 46, 'Ninzo', '', 'ninzo', 'password'),
(40, 44, 'Patrick Isorena', '', 'q-j1', 'password'),
(41, 44, 'Gener Caringal', '', 'q-j2', 'password'),
(42, 44, 'Nestor Jardin', '', 'q-j3', 'password'),
(43, 44, 'Robert Stephen Biadoma', '', 'q-j4', 'password'),
(44, 44, 'Renee Salud', '', 'q-j5', 'password'),
(45, 47, 'sample j1', '', 'sample-j1', 'password'),
(46, 48, 'Scarlet Transporte Tumalon', '', 'scarlet_t', 'password'),
(47, 48, 'Bee Urgello', '', 'bee_urgello', 'password'),
(48, 48, 'Cary Santiago', '', 'cary_santiago', 'password'),
(50, 48, 'PRE JUDGING', '', 'prejudge1', 'password'),
(51, 38, 'Hanz Coquilla', '', 'hanz', 'password'),
(52, 38, 'Ian Mendajar', '', 'ian', 'password'),
(53, 38, 'Maureen Montagne', '', 'maureen', 'password'),
(54, 38, 'Maria Ahtisa Manalo', '', 'math', 'password'),
(55, 38, 'Jojo Bragais', '', 'jojo', 'password'),
(56, 38, 'Shamcey Supsup - Lee', '', 'shamcey', 'password'),
(57, 38, 'Lloyd Lee', '', 'loyd', 'password'),
(58, 49, 'Stephen Biadoma', '', 'j12-j1', 'password'),
(59, 49, 'Peter De Vera', '', 'j12-j2', 'password'),
(60, 49, 'Rodel Fronda', '', 'j12-j3', 'password'),
(61, 49, 'Lordinio Vergara', '', 'j12-j4', 'password'),
(62, 49, 'Larry Gabao', '', 'j12-j5', 'password');

-- --------------------------------------------------------

--
-- Table structure for table `scores`
--

CREATE TABLE `scores` (
  `id` int(11) NOT NULL,
  `event_id` int(11) NOT NULL,
  `judge_id` int(11) NOT NULL,
  `criteria_id` int(11) NOT NULL,
  `contestant_id` int(11) NOT NULL,
  `score` float NOT NULL,
  `rank` text NOT NULL,
  `top_id` int(11) DEFAULT NULL
) ENGINE=InnoDB DEFAULT CHARSET=utf8mb4 COLLATE=utf8mb4_general_ci;

--
-- Dumping data for table `scores`
--

INSERT INTO `scores` (`id`, `event_id`, `judge_id`, `criteria_id`, `contestant_id`, `score`, `rank`, `top_id`) VALUES
(1268, 38, 24, 4, 69, 10, '1.5', NULL),
(1269, 38, 24, 4, 78, 10, '1.5', NULL),
(1270, 38, 24, 4, 81, 10, '1.5', NULL),
(1271, 38, 24, 4, 85, 10, '1.5', NULL),
(1272, 38, 24, 4, 79, 10, '1.5', NULL),
(1273, 38, 24, 4, 90, 10, '1.5', NULL),
(1274, 38, 24, 4, 87, 10, '1.5', NULL),
(1275, 38, 24, 4, 91, 10, '1.5', NULL),
(1276, 38, 24, 4, 97, 10, '1.5', NULL),
(1277, 38, 24, 4, 101, 10, '1.5', NULL),
(1278, 38, 24, 4, 102, 10, '1.5', NULL),
(1279, 38, 24, 4, 104, 10, '1.5', NULL),
(1280, 38, 24, 4, 73, 9, '13.5', NULL),
(1281, 38, 24, 4, 83, 9, '13.5', NULL),
(1282, 38, 24, 4, 86, 9, '13.5', NULL),
(1283, 38, 24, 4, 89, 9, '13.5', NULL),
(1284, 38, 24, 4, 94, 9, '13.5', NULL),
(1285, 38, 24, 4, 99, 9, '13.5', NULL),
(1286, 38, 24, 4, 103, 9, '13.5', NULL),
(1287, 38, 24, 4, 70, 8, '20.5', NULL),
(1288, 38, 24, 4, 71, 8, '20.5', NULL),
(1289, 38, 24, 4, 72, 8, '20.5', NULL),
(1290, 38, 24, 4, 74, 8, '20.5', NULL),
(1291, 38, 24, 4, 75, 8, '20.5', NULL),
(1292, 38, 24, 4, 76, 8, '20.5', NULL),
(1293, 38, 24, 4, 77, 8, '20.5', NULL),
(1294, 38, 24, 4, 80, 8, '20.5', NULL),
(1295, 38, 24, 4, 82, 8, '20.5', NULL),
(1296, 38, 24, 4, 84, 8, '20.5', NULL),
(1297, 38, 24, 4, 88, 8, '20.5', NULL),
(1298, 38, 24, 4, 92, 8, '20.5', NULL),
(1299, 38, 24, 4, 93, 8, '20.5', NULL),
(1300, 38, 24, 4, 95, 8, '20.5', NULL),
(1301, 38, 24, 4, 96, 8, '20.5', NULL),
(1302, 38, 24, 4, 98, 8, '20.5', NULL),
(1303, 38, 24, 4, 100, 8, '20.5', NULL),
(1304, 38, 24, 4, 105, 8, '20.5', NULL),
(1305, 38, 24, 4, 106, 8, '20.5', NULL),
(1306, 38, 26, 4, 83, 9.3, '1.5', NULL),
(1307, 38, 26, 4, 85, 9.3, '1.5', NULL),
(1308, 38, 26, 4, 87, 9.3, '1.5', NULL),
(1309, 38, 26, 4, 96, 9.3, '1.5', NULL),
(1310, 38, 26, 4, 75, 9.2, '5.5', NULL),
(1311, 38, 26, 4, 80, 9.2, '5.5', NULL),
(1312, 38, 26, 4, 84, 9.1, '9.5', NULL),
(1313, 38, 26, 4, 89, 9.2, '5.5', NULL),
(1314, 38, 26, 4, 93, 9.1, '9.5', NULL),
(1315, 38, 26, 4, 101, 9.2, '5.5', NULL),
(1316, 38, 26, 4, 90, 9.1, '9.5', NULL),
(1317, 38, 26, 4, 103, 9.1, '9.5', NULL),
(1318, 38, 26, 4, 104, 9.1, '9.5', NULL),
(1319, 38, 26, 4, 88, 9, '15.5', NULL),
(1320, 38, 26, 4, 71, 8.9, '20.5', NULL),
(1321, 38, 26, 4, 95, 8.9, '20.5', NULL),
(1322, 38, 26, 4, 98, 8.8, '24.5', NULL),
(1323, 38, 26, 4, 76, 8.7, '26.5', NULL),
(1324, 38, 26, 4, 91, 9.1, '9.5', NULL),
(1325, 38, 26, 4, 100, 8.7, '26.5', NULL),
(1326, 38, 26, 4, 106, 8.5, '33.5', NULL),
(1327, 38, 26, 4, 73, 8.3, '38', NULL),
(1328, 38, 26, 4, 81, 8.5, '33.5', NULL),
(1329, 38, 26, 4, 99, 8.7, '26.5', NULL),
(1330, 38, 26, 4, 77, 8.5, '33.5', NULL),
(1331, 38, 26, 4, 79, 8.7, '26.5', NULL),
(1332, 38, 26, 4, 72, 8.5, '33.5', NULL),
(1333, 38, 26, 4, 78, 8.7, '26.5', NULL),
(1334, 38, 26, 4, 69, 8.5, '33.5', NULL),
(1335, 38, 26, 4, 97, 8.9, '20.5', NULL),
(1336, 38, 26, 4, 74, 8.7, '26.5', NULL),
(1337, 38, 26, 4, 102, 9, '15.5', NULL),
(1338, 38, 26, 4, 70, 8.7, '26.5', NULL),
(1339, 38, 26, 4, 92, 9, '15.5', NULL),
(1340, 38, 26, 4, 105, 8.8, '24.5', NULL),
(1341, 38, 26, 4, 82, 9, '15.5', NULL),
(1342, 38, 26, 4, 94, 8.9, '20.5', NULL),
(1343, 38, 26, 4, 86, 9, '15.5', NULL),
(1344, 38, 25, 4, 101, 8.4, '2', NULL),
(1345, 38, 25, 4, 104, 8.7, '1', NULL),
(1346, 38, 25, 4, 102, 8.2, '3', NULL),
(1347, 38, 25, 4, 93, 8.1, '4.5', NULL),
(1348, 38, 25, 4, 103, 8.1, '4.5', NULL),
(1349, 38, 25, 4, 89, 8, '6.5', NULL),
(1350, 38, 25, 4, 92, 8, '6.5', NULL),
(1351, 38, 25, 4, 82, 7.9, '8', NULL),
(1352, 38, 25, 4, 80, 7.8, '9.5', NULL),
(1353, 38, 25, 4, 87, 7.8, '9.5', NULL),
(1354, 38, 25, 4, 96, 7.8, '9.5', NULL),
(1355, 38, 25, 4, 98, 7.8, '9.5', NULL),
(1356, 38, 25, 4, 105, 7.8, '9.5', NULL),
(1357, 38, 25, 4, 97, 7.7, '14', NULL),
(1358, 38, 25, 4, 94, 7.6, '15', NULL),
(1359, 38, 25, 4, 85, 7.4, '16.5', NULL),
(1360, 38, 25, 4, 90, 7.4, '16.5', NULL),
(1361, 38, 25, 4, 91, 7.3, '18.5', NULL),
(1362, 38, 25, 4, 95, 7.3, '18.5', NULL),
(1363, 38, 25, 4, 70, 7.2, '20.5', NULL),
(1364, 38, 25, 4, 88, 7.2, '20.5', NULL),
(1365, 38, 25, 4, 69, 7.1, '22.5', NULL),
(1366, 38, 25, 4, 75, 7.1, '22.5', NULL),
(1367, 38, 25, 4, 81, 7.1, '22.5', NULL),
(1368, 38, 25, 4, 74, 6.9, '25.5', NULL),
(1369, 38, 25, 4, 76, 6.9, '25.5', NULL),
(1370, 38, 25, 4, 84, 6.9, '25.5', NULL),
(1371, 38, 25, 4, 99, 6.9, '25.5', NULL),
(1372, 38, 25, 4, 78, 6.8, '29.5', NULL),
(1373, 38, 25, 4, 83, 6.8, '29.5', NULL),
(1374, 38, 25, 4, 77, 6.7, '31.5', NULL),
(1375, 38, 25, 4, 100, 6.7, '31.5', NULL),
(1376, 38, 25, 4, 73, 6.5, '33.5', NULL),
(1377, 38, 25, 4, 86, 6.5, '33.5', NULL),
(1378, 38, 25, 4, 106, 6.4, '35', NULL),
(1379, 38, 25, 4, 71, 6.3, '36.5', NULL),
(1380, 38, 25, 4, 72, 6.3, '36.5', NULL),
(1381, 38, 25, 4, 79, 6.2, '38', NULL),
(1382, 38, 24, 6, 70, 10, '1.5', NULL),
(1383, 38, 24, 6, 78, 10, '1.5', NULL),
(1384, 38, 24, 6, 92, 10, '1.5', NULL),
(1385, 38, 24, 6, 87, 10, '1.5', NULL),
(1386, 38, 24, 6, 89, 10, '1.5', NULL),
(1387, 38, 24, 6, 83, 10, '1.5', NULL),
(1388, 38, 24, 6, 85, 9, '7.5', NULL),
(1389, 38, 24, 6, 88, 9, '7.5', NULL),
(1390, 38, 24, 6, 96, 9, '7.5', NULL),
(1391, 38, 24, 6, 99, 9, '7.5', NULL),
(1392, 38, 24, 6, 101, 9, '7.5', NULL),
(1393, 38, 24, 6, 104, 9, '7.5', NULL),
(1394, 38, 24, 6, 69, 8, '13.5', NULL),
(1395, 38, 24, 6, 71, 8, '13.5', NULL),
(1396, 38, 24, 6, 74, 8, '13.5', NULL),
(1397, 38, 24, 6, 76, 8, '13.5', NULL),
(1398, 38, 24, 6, 77, 8, '13.5', NULL),
(1399, 38, 24, 6, 80, 8, '13.5', NULL),
(1400, 38, 24, 6, 81, 8, '13.5', NULL),
(1401, 38, 24, 6, 82, 8, '13.5', NULL),
(1402, 38, 24, 6, 84, 8, '13.5', NULL),
(1403, 38, 24, 6, 86, 8, '13.5', NULL),
(1404, 38, 24, 6, 91, 8, '13.5', NULL),
(1405, 38, 24, 6, 93, 8, '13.5', NULL),
(1406, 38, 24, 6, 94, 8, '13.5', NULL),
(1407, 38, 24, 6, 95, 8, '13.5', NULL),
(1408, 38, 24, 6, 97, 8, '13.5', NULL),
(1409, 38, 24, 6, 98, 8, '13.5', NULL),
(1410, 38, 24, 6, 103, 8, '13.5', NULL),
(1411, 38, 24, 6, 105, 8, '13.5', NULL),
(1412, 38, 24, 6, 106, 8, '13.5', NULL),
(1413, 38, 24, 6, 72, 7, '32.5', NULL),
(1414, 38, 24, 6, 73, 7, '32.5', NULL),
(1415, 38, 24, 6, 75, 7, '32.5', NULL),
(1416, 38, 24, 6, 79, 7, '32.5', NULL),
(1417, 38, 24, 6, 90, 7, '32.5', NULL),
(1418, 38, 24, 6, 100, 7, '32.5', NULL),
(1419, 38, 24, 6, 102, 7, '32.5', NULL),
(1420, 38, 26, 6, 84, 9.9, '1', NULL),
(1421, 38, 26, 6, 83, 9.8, '2', NULL),
(1422, 38, 26, 6, 78, 9.4, '4', NULL),
(1423, 38, 26, 6, 96, 9.5, '3', NULL),
(1424, 38, 26, 6, 82, 9.2, '6.5', NULL),
(1425, 38, 26, 6, 75, 9.3, '5', NULL),
(1426, 38, 26, 6, 85, 9.2, '6.5', NULL),
(1427, 38, 26, 6, 70, 9.1, '8.5', NULL),
(1428, 38, 26, 6, 89, 9.1, '8.5', NULL),
(1429, 38, 26, 6, 69, 9, '10.5', NULL),
(1430, 38, 26, 6, 74, 9, '10.5', NULL),
(1431, 38, 26, 6, 76, 9, '10.5', NULL),
(1432, 38, 26, 6, 77, 9, '10.5', NULL),
(1433, 38, 26, 6, 87, 9, '10.5', NULL),
(1434, 38, 26, 6, 102, 9, '10.5', NULL),
(1435, 38, 26, 6, 104, 9, '10.5', NULL),
(1436, 38, 26, 6, 71, 8.9, '17.5', NULL),
(1437, 38, 26, 6, 88, 8.9, '17.5', NULL),
(1438, 38, 26, 6, 80, 8.9, '17.5', NULL),
(1439, 38, 26, 6, 94, 8.9, '17.5', NULL),
(1440, 38, 26, 6, 97, 8.9, '17.5', NULL),
(1441, 38, 26, 6, 72, 8.7, '22.5', NULL),
(1442, 38, 26, 6, 79, 8.7, '22.5', NULL),
(1443, 38, 26, 6, 81, 8.7, '22.5', NULL),
(1444, 38, 26, 6, 86, 8.7, '22.5', NULL),
(1445, 38, 26, 6, 93, 8.7, '22.5', NULL),
(1446, 38, 26, 6, 73, 8.5, '27.5', NULL),
(1447, 38, 26, 6, 91, 8.5, '27.5', NULL),
(1448, 38, 26, 6, 92, 8.5, '27.5', NULL),
(1449, 38, 26, 6, 95, 8.5, '27.5', NULL),
(1450, 38, 26, 6, 98, 8.5, '27.5', NULL),
(1451, 38, 26, 6, 101, 8.5, '27.5', NULL),
(1452, 38, 26, 6, 103, 8.5, '27.5', NULL),
(1453, 38, 26, 6, 105, 8.5, '27.5', NULL),
(1454, 38, 26, 6, 90, 8.4, '35.5', NULL),
(1455, 38, 26, 6, 99, 8.4, '35.5', NULL),
(1456, 38, 26, 6, 100, 8.3, '37', NULL),
(1457, 38, 26, 6, 106, 8, '38', NULL),
(1458, 38, 25, 6, 101, 9.8, '2.5', NULL),
(1459, 38, 25, 6, 84, 10, '1', NULL),
(1460, 38, 25, 6, 80, 9.6, '5', NULL),
(1461, 38, 25, 6, 83, 9.7, '4', NULL),
(1462, 38, 25, 6, 104, 9.8, '2.5', NULL),
(1463, 38, 25, 6, 89, 9.4, '6', NULL),
(1464, 38, 25, 6, 78, 9.2, '7.5', NULL),
(1465, 38, 25, 6, 86, 9.2, '7.5', NULL),
(1466, 38, 25, 6, 92, 9.2, '7.5', NULL),
(1467, 38, 25, 6, 96, 9, '10.5', NULL),
(1468, 38, 25, 6, 99, 9, '10.5', NULL),
(1469, 38, 25, 6, 87, 8.9, '12.5', NULL),
(1470, 38, 25, 6, 93, 8.9, '12.5', NULL),
(1471, 38, 25, 6, 98, 8.9, '12.5', NULL),
(1472, 38, 25, 6, 102, 8.9, '12.5', NULL),
(1473, 38, 25, 6, 70, 8.8, '16.5', NULL),
(1474, 38, 25, 6, 85, 8.8, '16.5', NULL),
(1475, 38, 25, 6, 97, 8.7, '18.5', NULL),
(1476, 38, 25, 6, 105, 8.7, '18.5', NULL),
(1477, 38, 25, 6, 88, 8.6, '20', NULL),
(1478, 38, 25, 6, 82, 8.5, '21.5', NULL),
(1479, 38, 25, 6, 91, 8.5, '21.5', NULL),
(1480, 38, 25, 6, 72, 8.3, '23.5', NULL),
(1481, 38, 25, 6, 94, 8.3, '23.5', NULL),
(1482, 38, 25, 6, 69, 8.2, '25.5', NULL),
(1483, 38, 25, 6, 75, 8.2, '25.5', NULL),
(1484, 38, 25, 6, 77, 8.2, '25.5', NULL),
(1485, 38, 25, 6, 103, 8.2, '25.5', NULL),
(1486, 38, 25, 6, 74, 8.1, '29', NULL),
(1487, 38, 25, 6, 73, 7.9, '30.5', NULL),
(1488, 38, 25, 6, 90, 7.9, '30.5', NULL),
(1489, 38, 25, 6, 106, 7.9, '30.5', NULL),
(1490, 38, 25, 6, 76, 7.8, '33.5', NULL),
(1491, 38, 25, 6, 95, 7.8, '33.5', NULL),
(1492, 38, 25, 6, 79, 7.7, '35.5', NULL),
(1493, 38, 25, 6, 100, 7.7, '35.5', NULL),
(1494, 38, 25, 6, 81, 7.6, '37', NULL),
(1495, 38, 25, 6, 71, 7.5, '38', NULL),
(1496, 38, 25, 1, 96, 9.7, '1', NULL),
(1497, 38, 25, 1, 82, 9.5, '2.5', NULL),
(1498, 38, 25, 1, 101, 9.5, '2.5', NULL),
(1499, 38, 25, 1, 89, 9.3, '4.5', NULL),
(1500, 38, 25, 1, 104, 9.3, '4.5', NULL),
(1501, 38, 25, 1, 84, 9.2, '6', NULL),
(1502, 38, 25, 1, 86, 9.1, '7.5', NULL),
(1503, 38, 25, 1, 97, 9.1, '7.5', NULL),
(1504, 38, 25, 1, 103, 9.1, '7.5', NULL),
(1505, 38, 25, 1, 88, 8.9, '10.5', NULL),
(1506, 38, 25, 1, 90, 8.9, '10.5', NULL),
(1507, 38, 25, 1, 76, 8.8, '13.5', NULL),
(1508, 38, 25, 1, 100, 8.9, '10.5', NULL),
(1509, 38, 25, 1, 78, 8.8, '13.5', NULL),
(1510, 38, 25, 1, 105, 8.8, '13.5', NULL),
(1511, 38, 25, 1, 70, 8.7, '16', NULL),
(1512, 38, 25, 1, 87, 8.6, '17', NULL),
(1513, 38, 25, 1, 83, 8.5, '18.5', NULL),
(1514, 38, 25, 1, 93, 8.5, '18.5', NULL),
(1515, 38, 25, 1, 81, 8.4, '20', NULL),
(1516, 38, 25, 1, 75, 8, '21', NULL),
(1517, 38, 25, 1, 85, 7.9, '22.5', NULL),
(1518, 38, 25, 1, 91, 7.9, '22.5', NULL),
(1519, 38, 25, 1, 106, 7.9, '22.5', NULL),
(1520, 38, 25, 1, 69, 7.8, '25', NULL),
(1521, 38, 25, 1, 94, 7.7, '26', NULL),
(1522, 38, 25, 1, 99, 7.6, '27', NULL),
(1523, 38, 25, 1, 80, 7.5, '28', NULL),
(1524, 38, 25, 1, 98, 7.3, '29', NULL),
(1525, 38, 25, 1, 71, 7.2, '30.5', NULL),
(1526, 38, 25, 1, 74, 7.2, '30.5', NULL),
(1527, 38, 25, 1, 73, 6.9, '32', NULL),
(1528, 38, 25, 1, 72, 6.8, '33.5', NULL),
(1529, 38, 25, 1, 77, 6.8, '33.5', NULL),
(1530, 38, 25, 1, 79, 6.5, '35.5', NULL),
(1531, 38, 25, 1, 92, 6.5, '35.5', NULL),
(1532, 38, 25, 1, 95, 6.5, '35.5', NULL),
(1533, 38, 25, 1, 102, 6.5, '35.5', NULL),
(1534, 38, 24, 1, 82, 10, '1.5', NULL),
(1535, 38, 24, 1, 78, 10, '1.5', NULL),
(1536, 38, 24, 1, 88, 10, '1.5', NULL),
(1537, 38, 24, 1, 96, 10, '1.5', NULL),
(1538, 38, 24, 1, 89, 10, '1.5', NULL),
(1539, 38, 24, 1, 104, 10, '1.5', NULL),
(1540, 38, 24, 1, 106, 10, '1.5', NULL),
(1541, 38, 24, 1, 69, 9, '8.5', NULL),
(1542, 38, 24, 1, 72, 9, '8.5', NULL),
(1543, 38, 24, 1, 80, 9, '8.5', NULL),
(1544, 38, 24, 1, 98, 9, '8.5', NULL),
(1545, 38, 24, 1, 99, 9, '8.5', NULL),
(1546, 38, 24, 1, 101, 9, '8.5', NULL),
(1547, 38, 24, 1, 103, 9, '8.5', NULL),
(1548, 38, 24, 1, 76, 8, '15.5', NULL),
(1549, 38, 24, 1, 77, 8, '15.5', NULL),
(1550, 38, 24, 1, 81, 8, '15.5', NULL),
(1551, 38, 24, 1, 83, 8, '15.5', NULL),
(1552, 38, 24, 1, 92, 8, '15.5', NULL),
(1553, 38, 24, 1, 90, 8, '15.5', NULL),
(1554, 38, 24, 1, 93, 8, '15.5', NULL),
(1555, 38, 24, 1, 94, 8, '15.5', NULL),
(1556, 38, 24, 1, 95, 8, '15.5', NULL),
(1557, 38, 24, 1, 100, 8, '15.5', NULL),
(1558, 38, 24, 1, 102, 8, '15.5', NULL),
(1559, 38, 24, 1, 105, 8, '15.5', NULL),
(1560, 38, 24, 1, 70, 7, '27.5', NULL),
(1561, 38, 24, 1, 71, 7, '27.5', NULL),
(1562, 38, 24, 1, 73, 7, '27.5', NULL),
(1563, 38, 24, 1, 74, 7, '27.5', NULL),
(1564, 38, 24, 1, 79, 7, '27.5', NULL),
(1565, 38, 24, 1, 75, 7, '27.5', NULL),
(1566, 38, 24, 1, 84, 7, '27.5', NULL),
(1567, 38, 24, 1, 85, 7, '27.5', NULL),
(1568, 38, 24, 1, 86, 7, '27.5', NULL),
(1569, 38, 24, 1, 87, 7, '27.5', NULL),
(1570, 38, 24, 1, 91, 7, '27.5', NULL),
(1571, 38, 24, 1, 97, 7, '27.5', NULL),
(1572, 38, 26, 1, 101, 9.5, '2.5', NULL),
(1573, 38, 26, 1, 96, 9.5, '2.5', NULL),
(1574, 38, 26, 1, 104, 9.4, '4', NULL),
(1575, 38, 26, 1, 82, 9.7, '1', NULL),
(1576, 38, 26, 1, 84, 9.3, '5.5', NULL),
(1577, 38, 26, 1, 103, 9.3, '5.5', NULL),
(1578, 38, 26, 1, 83, 9.2, '7.5', NULL),
(1579, 38, 26, 1, 94, 9.2, '7.5', NULL),
(1580, 38, 26, 1, 71, 9, '9.5', NULL),
(1581, 38, 26, 1, 81, 9, '9.5', NULL),
(1582, 38, 26, 1, 86, 9, '9.5', NULL),
(1583, 38, 26, 1, 105, 8.8, '12', NULL),
(1584, 38, 26, 1, 97, 8.7, '13', NULL),
(1585, 38, 26, 1, 70, 8.5, '14.5', NULL),
(1586, 38, 26, 1, 85, 8.5, '14.5', NULL),
(1587, 38, 26, 1, 89, 8.5, '14.5', NULL),
(1588, 38, 26, 1, 98, 8.5, '14.5', NULL),
(1589, 38, 26, 1, 102, 8.5, '14.5', NULL),
(1590, 38, 26, 1, 106, 8.5, '14.5', NULL),
(1591, 38, 26, 1, 75, 8.3, '20.5', NULL),
(1592, 38, 26, 1, 91, 8.3, '20.5', NULL),
(1593, 38, 26, 1, 76, 8.2, '22.5', NULL),
(1594, 38, 26, 1, 93, 8.2, '22.5', NULL),
(1595, 38, 26, 1, 95, 8.2, '22.5', NULL),
(1596, 38, 26, 1, 99, 8.2, '22.5', NULL),
(1597, 38, 26, 1, 100, 8.2, '22.5', NULL),
(1598, 38, 26, 1, 78, 8.1, '27', NULL),
(1599, 38, 26, 1, 69, 8, '28.5', NULL),
(1600, 38, 26, 1, 77, 8, '28.5', NULL),
(1601, 38, 26, 1, 79, 8, '28.5', NULL),
(1602, 38, 26, 1, 88, 8, '28.5', NULL),
(1603, 38, 26, 1, 90, 8, '28.5', NULL),
(1604, 38, 26, 1, 80, 7.8, '33.5', NULL),
(1605, 38, 26, 1, 92, 7.8, '33.5', NULL),
(1606, 38, 26, 1, 72, 7.5, '35.5', NULL),
(1607, 38, 26, 1, 87, 7.5, '35.5', NULL),
(1608, 38, 26, 1, 73, 7, '37', NULL),
(1609, 38, 26, 1, 74, 6.9, '38', NULL),
(1610, 38, 24, 7, 69, 10, '1.5', NULL),
(1611, 38, 24, 7, 78, 10, '1.5', NULL),
(1612, 38, 24, 7, 85, 10, '1.5', NULL),
(1613, 38, 24, 7, 83, 10, '1.5', NULL),
(1614, 38, 24, 7, 87, 10, '1.5', NULL),
(1615, 38, 24, 7, 96, 10, '1.5', NULL),
(1616, 38, 24, 7, 97, 10, '1.5', NULL),
(1617, 38, 24, 7, 101, 10, '1.5', NULL),
(1618, 38, 24, 7, 106, 10, '1.5', NULL),
(1619, 38, 24, 7, 74, 9, '10.5', NULL),
(1620, 38, 24, 7, 76, 9, '10.5', NULL),
(1621, 38, 24, 7, 77, 9, '10.5', NULL),
(1622, 38, 24, 7, 84, 9, '10.5', NULL),
(1623, 38, 24, 7, 89, 9, '10.5', NULL),
(1624, 38, 24, 7, 91, 9, '10.5', NULL),
(1625, 38, 24, 7, 92, 9, '10.5', NULL),
(1626, 38, 24, 7, 95, 9, '10.5', NULL),
(1627, 38, 24, 7, 104, 9, '10.5', NULL),
(1628, 38, 24, 7, 70, 8, '19.5', NULL),
(1629, 38, 24, 7, 71, 8, '19.5', NULL),
(1630, 38, 24, 7, 79, 8, '19.5', NULL),
(1631, 38, 24, 7, 80, 8, '19.5', NULL),
(1632, 38, 24, 7, 81, 8, '19.5', NULL),
(1633, 38, 24, 7, 82, 8, '19.5', NULL),
(1634, 38, 24, 7, 86, 8, '19.5', NULL),
(1635, 38, 24, 7, 88, 8, '19.5', NULL),
(1636, 38, 24, 7, 90, 8, '19.5', NULL),
(1637, 38, 24, 7, 99, 8, '19.5', NULL),
(1638, 38, 24, 7, 102, 8, '19.5', NULL),
(1639, 38, 24, 7, 103, 8, '19.5', NULL),
(1640, 38, 24, 7, 75, 7, '32.5', NULL),
(1641, 38, 24, 7, 105, 8, '19.5', NULL),
(1642, 38, 24, 7, 93, 7, '32.5', NULL),
(1643, 38, 24, 7, 94, 7, '32.5', NULL),
(1644, 38, 24, 7, 98, 7, '32.5', NULL),
(1645, 38, 24, 7, 72, 6, '36.5', NULL),
(1646, 38, 24, 7, 73, 6, '36.5', NULL),
(1647, 38, 24, 7, 100, 6, '36.5', NULL),
(1648, 38, 26, 7, 101, 10, '1', NULL),
(1649, 38, 26, 7, 76, 9.7, '2.5', NULL),
(1650, 38, 26, 7, 83, 9.7, '2.5', NULL),
(1651, 38, 26, 7, 85, 9.7, '2.5', NULL),
(1652, 38, 26, 7, 97, 9.7, '2.5', NULL),
(1653, 38, 26, 7, 104, 9.7, '2.5', NULL),
(1654, 38, 26, 7, 70, 9.5, '7.5', NULL),
(1655, 38, 26, 7, 78, 9.5, '7.5', NULL),
(1656, 38, 26, 7, 84, 9.5, '7.5', NULL),
(1657, 38, 26, 7, 82, 9.5, '7.5', NULL),
(1658, 38, 26, 7, 87, 9.5, '7.5', NULL),
(1659, 38, 26, 7, 96, 9.5, '7.5', NULL),
(1660, 38, 26, 7, 81, 9.3, '13.5', NULL),
(1661, 38, 26, 7, 86, 9.3, '13.5', NULL),
(1662, 38, 26, 7, 105, 9.3, '13.5', NULL),
(1663, 38, 26, 7, 69, 9.2, '16.5', NULL),
(1664, 38, 26, 7, 71, 9.2, '16.5', NULL),
(1665, 38, 26, 7, 74, 9.2, '16.5', NULL),
(1666, 38, 26, 7, 75, 9.2, '16.5', NULL),
(1667, 38, 26, 7, 77, 9.2, '16.5', NULL),
(1668, 38, 26, 7, 88, 9.2, '16.5', NULL),
(1669, 38, 26, 7, 103, 9.2, '16.5', NULL),
(1670, 38, 26, 7, 106, 9.2, '16.5', NULL),
(1671, 38, 26, 7, 79, 9.1, '24.5', NULL),
(1672, 38, 26, 7, 93, 9.1, '24.5', NULL),
(1673, 38, 26, 7, 72, 9, '26.5', NULL),
(1674, 38, 26, 7, 80, 9, '26.5', NULL),
(1675, 38, 26, 7, 89, 9, '26.5', NULL),
(1676, 38, 26, 7, 90, 9, '26.5', NULL),
(1677, 38, 26, 7, 91, 9, '26.5', NULL),
(1678, 38, 26, 7, 92, 9, '26.5', NULL),
(1679, 38, 26, 7, 94, 9, '26.5', NULL),
(1680, 38, 26, 7, 95, 9, '26.5', NULL),
(1681, 38, 26, 7, 98, 9, '26.5', NULL),
(1682, 38, 26, 7, 99, 9, '26.5', NULL),
(1683, 38, 26, 7, 100, 9, '26.5', NULL),
(1684, 38, 26, 7, 102, 9, '26.5', NULL),
(1685, 38, 26, 7, 73, 8.9, '38', NULL),
(1686, 38, 25, 7, 101, 10, '1', NULL),
(1687, 38, 25, 7, 87, 9.5, '2.5', NULL),
(1688, 38, 25, 7, 96, 9.5, '2.5', NULL),
(1689, 38, 25, 7, 83, 9.3, '5.5', NULL),
(1690, 38, 25, 7, 89, 9.4, '4', NULL),
(1691, 38, 25, 7, 85, 9.3, '5.5', NULL),
(1692, 38, 25, 7, 82, 9.2, '7', NULL),
(1693, 38, 25, 7, 78, 9.1, '8.5', NULL),
(1694, 38, 25, 7, 97, 9.1, '8.5', NULL),
(1695, 38, 25, 7, 88, 9, '10', NULL),
(1696, 38, 25, 7, 84, 8.8, '11.5', NULL),
(1697, 38, 25, 7, 86, 8.8, '11.5', NULL),
(1698, 38, 25, 7, 105, 8.8, '11.5', NULL),
(1699, 38, 25, 7, 104, 8.7, '14.5', NULL),
(1700, 38, 25, 7, 77, 8.7, '14.5', NULL),
(1701, 38, 25, 7, 106, 8.7, '14.5', NULL),
(1702, 38, 25, 7, 76, 8.6, '17.5', NULL),
(1703, 38, 25, 7, 81, 8.6, '17.5', NULL),
(1704, 38, 25, 7, 99, 8.5, '19', NULL),
(1705, 38, 25, 7, 70, 8.4, '20.5', NULL),
(1706, 38, 25, 7, 74, 8.4, '20.5', NULL),
(1707, 38, 25, 7, 91, 8.4, '20.5', NULL),
(1708, 38, 25, 7, 94, 8.4, '20.5', NULL),
(1709, 38, 25, 7, 103, 8.4, '20.5', NULL),
(1710, 38, 25, 7, 90, 8.3, '25.5', NULL),
(1711, 38, 25, 7, 92, 8.3, '25.5', NULL),
(1712, 38, 25, 7, 93, 8.2, '27', NULL),
(1713, 38, 25, 7, 69, 8, '28.5', NULL),
(1714, 38, 25, 7, 71, 8, '28.5', NULL),
(1715, 38, 25, 7, 72, 8, '28.5', NULL),
(1716, 38, 25, 7, 73, 8, '28.5', NULL),
(1717, 38, 25, 7, 75, 8, '28.5', NULL),
(1718, 38, 25, 7, 79, 8, '28.5', NULL),
(1719, 38, 25, 7, 80, 8, '28.5', NULL),
(1720, 38, 25, 7, 95, 8, '28.5', NULL),
(1721, 38, 25, 7, 98, 8, '28.5', NULL),
(1722, 38, 25, 7, 100, 8, '28.5', NULL),
(1723, 38, 25, 7, 102, 8, '28.5', NULL),
(1724, 38, 24, 3, 71, 10, '1.5', NULL),
(1725, 38, 24, 3, 80, 10, '1.5', NULL),
(1726, 38, 24, 3, 81, 10, '1.5', NULL),
(1727, 38, 24, 3, 83, 10, '1.5', NULL),
(1728, 38, 24, 3, 87, 10, '1.5', NULL),
(1729, 38, 24, 3, 86, 10, '1.5', NULL),
(1730, 38, 24, 3, 90, 10, '1.5', NULL),
(1731, 38, 24, 3, 69, 9, '8.5', NULL),
(1732, 38, 24, 3, 70, 9, '8.5', NULL),
(1733, 38, 24, 3, 77, 9, '8.5', NULL),
(1734, 38, 24, 3, 84, 9, '8.5', NULL),
(1735, 38, 24, 3, 88, 9, '8.5', NULL),
(1736, 38, 24, 3, 89, 9, '8.5', NULL),
(1737, 38, 24, 3, 91, 9, '8.5', NULL),
(1738, 38, 24, 3, 97, 9, '8.5', NULL),
(1739, 38, 24, 3, 98, 9, '8.5', NULL),
(1740, 38, 24, 3, 99, 9, '8.5', NULL),
(1741, 38, 24, 3, 73, 8, '18.5', NULL),
(1742, 38, 24, 3, 79, 8, '18.5', NULL),
(1743, 38, 24, 3, 82, 8, '18.5', NULL),
(1744, 38, 24, 3, 85, 8, '18.5', NULL),
(1745, 38, 24, 3, 92, 8, '18.5', NULL),
(1746, 38, 24, 3, 100, 8, '18.5', NULL),
(1747, 38, 24, 3, 102, 8, '18.5', NULL),
(1748, 38, 24, 3, 103, 8, '18.5', NULL),
(1749, 38, 24, 3, 104, 8, '18.5', NULL),
(1750, 38, 24, 3, 72, 7, '27.5', NULL),
(1751, 38, 24, 3, 74, 7, '27.5', NULL),
(1752, 38, 24, 3, 75, 7, '27.5', NULL),
(1753, 38, 24, 3, 76, 7, '27.5', NULL),
(1754, 38, 24, 3, 78, 7, '27.5', NULL),
(1755, 38, 24, 3, 93, 7, '27.5', NULL),
(1756, 38, 24, 3, 94, 7, '27.5', NULL),
(1757, 38, 24, 3, 95, 7, '27.5', NULL),
(1758, 38, 24, 3, 96, 7, '27.5', NULL),
(1759, 38, 24, 3, 101, 7, '27.5', NULL),
(1760, 38, 24, 3, 105, 7, '27.5', NULL),
(1761, 38, 24, 3, 106, 7, '27.5', NULL),
(1762, 38, 26, 3, 98, 9.8, '1', NULL),
(1763, 38, 26, 3, 87, 9.7, '2.5', NULL),
(1764, 38, 26, 3, 82, 9.6, '4', NULL),
(1765, 38, 26, 3, 104, 9.7, '2.5', NULL),
(1766, 38, 26, 3, 90, 9.5, '5', NULL),
(1767, 38, 26, 3, 80, 9.1, '6', NULL),
(1768, 38, 26, 3, 71, 9, '7.5', NULL),
(1769, 38, 26, 3, 77, 9, '7.5', NULL),
(1770, 38, 26, 3, 78, 9, '7.5', NULL),
(1771, 38, 26, 3, 81, 9, '7.5', NULL),
(1772, 38, 26, 3, 86, 9, '7.5', NULL),
(1773, 38, 26, 3, 89, 9, '7.5', NULL),
(1774, 38, 26, 3, 72, 8.9, '13.5', NULL),
(1775, 38, 26, 3, 75, 8.9, '13.5', NULL),
(1776, 38, 26, 3, 91, 8.9, '13.5', NULL),
(1777, 38, 26, 3, 70, 8.7, '16.5', NULL),
(1778, 38, 26, 3, 76, 8.7, '16.5', NULL),
(1779, 38, 26, 3, 99, 8.7, '16.5', NULL),
(1780, 38, 26, 3, 69, 8.5, '19.5', NULL),
(1781, 38, 26, 3, 73, 8.5, '19.5', NULL),
(1782, 38, 26, 3, 79, 8.5, '19.5', NULL),
(1783, 38, 26, 3, 85, 8.5, '19.5', NULL),
(1784, 38, 26, 3, 88, 8.5, '19.5', NULL),
(1785, 38, 26, 3, 97, 8.5, '19.5', NULL),
(1786, 38, 26, 3, 102, 8.5, '19.5', NULL),
(1787, 38, 26, 3, 83, 8.3, '26.5', NULL),
(1788, 38, 26, 3, 92, 8.3, '26.5', NULL),
(1789, 38, 26, 3, 93, 8.3, '26.5', NULL),
(1790, 38, 26, 3, 94, 8.3, '26.5', NULL),
(1791, 38, 26, 3, 96, 8.3, '26.5', NULL),
(1792, 38, 26, 3, 101, 8.3, '26.5', NULL),
(1793, 38, 26, 3, 103, 8.3, '26.5', NULL),
(1794, 38, 26, 3, 105, 8.3, '26.5', NULL),
(1795, 38, 26, 3, 106, 8.3, '26.5', NULL),
(1796, 38, 26, 3, 74, 8.2, '35.5', NULL),
(1797, 38, 26, 3, 84, 8.2, '35.5', NULL),
(1798, 38, 26, 3, 100, 8, '37', NULL),
(1799, 38, 26, 3, 95, 7.5, '38', NULL),
(1800, 38, 25, 3, 87, 10, '1', NULL),
(1801, 38, 25, 3, 80, 9.6, '2.5', NULL),
(1802, 38, 25, 3, 86, 9.6, '2.5', NULL),
(1803, 38, 25, 3, 71, 9.5, '5.5', NULL),
(1804, 38, 25, 3, 82, 9.5, '5.5', NULL),
(1805, 38, 25, 3, 81, 9.3, '7.5', NULL),
(1806, 38, 25, 3, 90, 9.6, '2.5', NULL),
(1807, 38, 25, 3, 104, 9.3, '7.5', NULL),
(1808, 38, 25, 3, 105, 8.3, '7.5', NULL),
(1809, 38, 25, 3, 98, 9, '10', NULL),
(1810, 38, 25, 3, 78, 8.9, '11.5', NULL),
(1811, 38, 25, 3, 84, 8.9, '11.5', NULL),
(1812, 38, 25, 3, 97, 8.9, '11.5', NULL),
(1813, 38, 25, 3, 83, 8.8, '14.5', NULL),
(1814, 38, 25, 3, 89, 8.8, '14.5', NULL),
(1815, 38, 25, 3, 73, 8.5, '16.5', NULL),
(1816, 38, 25, 3, 93, 8.5, '16.5', NULL),
(1817, 38, 25, 3, 99, 8.5, '16.5', NULL),
(1818, 38, 25, 3, 91, 8.4, '19.5', NULL),
(1819, 38, 25, 3, 101, 8.4, '19.5', NULL),
(1820, 38, 25, 3, 88, 8.3, '21.5', NULL),
(1821, 38, 25, 3, 94, 8.3, '21.5', NULL),
(1822, 38, 25, 3, 70, 8.2, '23', NULL),
(1823, 38, 25, 3, 76, 8.1, '24.5', NULL),
(1824, 38, 25, 3, 96, 8.1, '24.5', NULL),
(1825, 38, 25, 3, 92, 8, '26', NULL),
(1826, 38, 25, 3, 75, 7.9, '27.5', NULL),
(1827, 38, 25, 3, 103, 7.9, '27.5', NULL),
(1828, 38, 25, 3, 72, 7.8, '29', NULL),
(1829, 38, 25, 3, 106, 7.7, '30', NULL),
(1830, 38, 25, 3, 85, 7.5, '31.5', NULL),
(1831, 38, 25, 3, 102, 7.5, '31.5', NULL),
(1832, 38, 25, 3, 69, 7.4, '33', NULL),
(1833, 38, 25, 3, 77, 7.3, '34', NULL),
(1834, 38, 25, 3, 79, 7.1, '35', NULL),
(1835, 38, 25, 3, 74, 7, '36.5', NULL),
(1836, 38, 25, 3, 95, 7, '36.5', NULL),
(1837, 38, 25, 3, 100, 6.5, '38', NULL),
(1838, 38, 30, 58, 85, 9, '2', NULL),
(1839, 38, 30, 58, 84, 9.1, '1', NULL),
(1840, 38, 30, 58, 101, 8.9, '3.5', NULL),
(1841, 38, 30, 58, 104, 8.9, '3.5', NULL),
(1842, 38, 30, 58, 83, 8.4, '6', NULL),
(1843, 38, 30, 58, 96, 8.5, '5', NULL),
(1844, 38, 30, 58, 76, 8.3, '7.5', NULL),
(1845, 38, 30, 58, 103, 8.3, '7.5', NULL),
(1846, 38, 30, 58, 75, 8, '9.5', NULL),
(1847, 38, 30, 58, 93, 8, '9.5', NULL),
(1848, 38, 30, 58, 95, 8, '9.5', NULL),
(1849, 38, 30, 58, 78, 7.3, '12.5', NULL),
(1850, 38, 30, 58, 87, 7.3, '12.5', NULL),
(1851, 38, 30, 58, 92, 7.1, '14', NULL),
(1852, 38, 30, 58, 74, 7, '15.5', NULL),
(1853, 38, 30, 58, 82, 7, '15.5', NULL),
(1854, 38, 30, 58, 97, 7, '15.5', NULL),
(1855, 38, 30, 58, 105, 7, '15.5', NULL),
(1856, 38, 30, 58, 98, 6.9, '19', NULL),
(1857, 38, 30, 58, 86, 6.7, '20.5', NULL),
(1858, 38, 30, 58, 102, 6.7, '20.5', NULL),
(1859, 38, 30, 58, 72, 6.6, '22.5', NULL),
(1860, 38, 30, 58, 73, 6.6, '22.5', NULL),
(1861, 38, 30, 58, 70, 6.5, '24.5', NULL),
(1862, 38, 30, 58, 71, 6.5, '24.5', NULL),
(1863, 38, 30, 58, 77, 6.4, '26', NULL),
(1864, 38, 30, 58, 69, 6.3, '27', NULL),
(1865, 38, 30, 58, 88, 6.2, '28', NULL),
(1866, 38, 30, 58, 81, 6.1, '29.5', NULL),
(1867, 38, 30, 58, 89, 6.1, '29.5', NULL),
(1868, 38, 30, 58, 79, 6, '31.5', NULL),
(1869, 38, 30, 58, 80, 6, '31.5', NULL),
(1870, 38, 30, 58, 90, 6, '31.5', NULL),
(1871, 38, 30, 58, 91, 6, '31.5', NULL),
(1872, 38, 30, 58, 94, 6, '31.5', NULL),
(1873, 38, 30, 58, 100, 6, '31.5', NULL),
(1874, 38, 30, 58, 106, 6, '31.5', NULL),
(1875, 38, 30, 58, 99, 1, '38', NULL),
(1876, 38, 31, 58, 83, 9.5, '1', NULL),
(1877, 38, 31, 58, 76, 9.4, '2', NULL),
(1878, 38, 31, 58, 70, 9.3, '3.5', NULL),
(1879, 38, 31, 58, 82, 9.3, '3.5', NULL),
(1880, 38, 31, 58, 91, 9.3, '3.5', NULL),
(1881, 38, 31, 58, 75, 9.2, '6.5', NULL),
(1882, 38, 31, 58, 96, 9.2, '6.5', NULL),
(1883, 38, 31, 58, 101, 9, '8', NULL),
(1884, 38, 31, 58, 87, 8.9, '9', NULL),
(1885, 38, 31, 58, 97, 8.7, '10.5', NULL),
(1886, 38, 31, 58, 103, 8.7, '10.5', NULL),
(1887, 38, 31, 58, 80, 8.5, '12.5', NULL),
(1888, 38, 31, 58, 81, 8.5, '12.5', NULL),
(1889, 38, 31, 58, 89, 8.3, '14.5', NULL),
(1890, 38, 31, 58, 98, 8.3, '14.5', NULL),
(1891, 38, 31, 58, 104, 8.2, '16', NULL),
(1892, 38, 31, 58, 79, 8.1, '17', NULL),
(1893, 38, 31, 58, 102, 7.9, '18', NULL),
(1894, 38, 31, 58, 85, 7.8, '19.5', NULL),
(1895, 38, 31, 58, 88, 7.8, '19.5', NULL),
(1896, 38, 31, 58, 71, 7.7, '21.5', NULL),
(1897, 38, 31, 58, 93, 7.7, '21.5', NULL),
(1898, 38, 31, 58, 95, 7.5, '24', NULL),
(1899, 38, 31, 58, 84, 7.6, '23', NULL),
(1900, 38, 31, 58, 74, 7.4, '25', NULL),
(1901, 38, 31, 58, 78, 7.3, '26.5', NULL),
(1902, 38, 31, 58, 105, 7.3, '26.5', NULL),
(1903, 38, 31, 58, 69, 7.1, '28', NULL),
(1904, 38, 31, 58, 77, 7, '29', NULL),
(1905, 38, 31, 58, 72, 6.9, '30.5', NULL),
(1906, 38, 31, 58, 92, 6.9, '30.5', NULL),
(1907, 38, 31, 58, 86, 6.8, '32.5', NULL),
(1908, 38, 31, 58, 90, 6.8, '32.5', NULL),
(1909, 38, 31, 58, 94, 6.8, '32.5', NULL),
(1910, 38, 31, 58, 73, 6.7, '35', NULL),
(1911, 38, 31, 58, 100, 6.5, '36', NULL),
(1912, 38, 31, 58, 106, 6.1, '37', NULL),
(1913, 38, 31, 58, 99, 1, '38', NULL),
(1914, 39, 28, 8, 109, 9.5, '1.5', 24),
(1915, 39, 28, 8, 121, 9.5, '1.5', 24),
(1916, 39, 28, 8, 140, 9.5, '1.5', 24),
(1917, 39, 28, 8, 128, 9.4, '4', 24),
(1918, 39, 28, 8, 122, 9.3, '5.5', 24),
(1919, 39, 28, 8, 135, 9.3, '5.5', 24),
(1920, 39, 28, 8, 143, 9.3, '5.5', 24),
(1921, 39, 28, 8, 117, 9.2, '8', 24),
(1922, 39, 28, 8, 132, 9.1, '9.5', 24),
(1923, 39, 28, 8, 142, 9.1, '9.5', 24),
(1924, 39, 28, 8, 115, 9, '11.5', 24),
(1925, 39, 28, 8, 123, 9, '11.5', 24),
(1926, 39, 28, 8, 127, 9, '11.5', 24),
(1927, 39, 28, 8, 136, 8.9, '14', 24),
(1928, 39, 28, 8, 108, 8.8, '15.5', 24),
(1929, 39, 28, 8, 125, 8.8, '15.5', 24),
(1930, 39, 28, 8, 129, 8.7, '17.5', 24),
(1931, 39, 28, 8, 144, 8.7, '17.5', 24),
(1932, 39, 28, 8, 120, 8.6, '19.5', 24),
(1933, 39, 28, 8, 145, 8.6, '19.5', 24),
(1934, 39, 28, 8, 130, 8.4, '21', 24),
(1935, 39, 28, 8, 139, 8.3, '22', 24),
(1936, 39, 28, 8, 114, 8.1, '23.5', 24),
(1937, 39, 28, 8, 124, 8.1, '23.5', 24),
(1938, 39, 28, 8, 138, 7.8, '25', 24),
(1939, 39, 28, 8, 113, 7.4, '26', 24),
(1940, 39, 28, 8, 116, 7.3, '27.5', 24),
(1941, 39, 28, 8, 126, 7.3, '27.5', 24),
(1942, 39, 28, 8, 133, 7.2, '29.5', 24),
(1943, 39, 28, 8, 137, 7.2, '29.5', 24),
(1944, 39, 28, 8, 112, 7.1, '31.5', 24),
(1945, 39, 28, 8, 119, 7.1, '31.5', 24),
(1946, 39, 28, 8, 110, 7, '33', 24),
(1947, 39, 28, 8, 118, 6.8, '34.5', 24),
(1948, 39, 28, 8, 131, 6.8, '34.5', 24),
(1949, 39, 28, 8, 134, 6.8, '34.5', 24),
(1950, 39, 28, 8, 111, 6.7, '37', 24),
(1951, 39, 28, 8, 141, 6.5, '38', 24),
(1952, 39, 27, 8, 140, 10, '1', 24),
(1953, 39, 27, 8, 123, 9.9, '2', 24),
(1954, 39, 27, 8, 135, 9.8, '3', 24),
(1955, 39, 27, 8, 109, 9.7, '4.5', 24),
(1956, 39, 27, 8, 110, 9.7, '4.5', 24),
(1957, 39, 27, 8, 121, 9.7, '4.5', 24),
(1958, 39, 27, 8, 122, 9.7, '4.5', 24),
(1959, 39, 27, 8, 142, 9.7, '4.5', 24),
(1960, 39, 27, 8, 115, 9.5, '9.5', 24),
(1961, 39, 27, 8, 124, 9.5, '9.5', 24),
(1962, 39, 27, 8, 125, 9.5, '9.5', 24),
(1963, 39, 27, 8, 128, 9.5, '9.5', 24),
(1964, 39, 27, 8, 133, 9.5, '9.5', 24),
(1965, 39, 27, 8, 143, 9.5, '9.5', 24),
(1966, 39, 27, 8, 141, 9, '15', 24),
(1967, 39, 27, 8, 108, 8.7, '16.5', 24),
(1968, 39, 27, 8, 114, 8.7, '16.5', 24),
(1969, 39, 27, 8, 117, 8.7, '16.5', 24),
(1970, 39, 27, 8, 119, 8.7, '16.5', 24),
(1971, 39, 27, 8, 127, 8.7, '16.5', 24),
(1972, 39, 27, 8, 130, 8.7, '16.5', 24),
(1973, 39, 27, 8, 132, 8.7, '16.5', 24),
(1974, 39, 27, 8, 111, 8.5, '23.5', 24),
(1975, 39, 27, 8, 113, 8.5, '23.5', 24),
(1976, 39, 27, 8, 118, 8.5, '23.5', 24),
(1977, 39, 27, 8, 120, 8.5, '23.5', 24),
(1978, 39, 27, 8, 126, 8.5, '23.5', 24),
(1979, 39, 27, 8, 134, 8.5, '23.5', 24),
(1980, 39, 27, 8, 136, 8.5, '23.5', 24),
(1981, 39, 27, 8, 137, 8.5, '23.5', 24),
(1982, 39, 27, 8, 138, 8.5, '23.5', 24),
(1983, 39, 27, 8, 144, 8.3, '32', 24),
(1984, 39, 27, 8, 112, 8.2, '33.5', 24),
(1985, 39, 27, 8, 116, 8.2, '33.5', 24),
(1986, 39, 27, 8, 129, 8.2, '33.5', 24),
(1987, 39, 27, 8, 131, 8.2, '33.5', 24),
(1988, 39, 27, 8, 139, 8.2, '33.5', 24),
(1989, 39, 27, 8, 145, 8, '38', 24),
(1990, 39, 29, 8, 111, 10, '1.5', 24),
(1991, 39, 29, 8, 108, 10, '1.5', 24),
(1992, 39, 29, 8, 117, 10, '1.5', 24),
(1993, 39, 29, 8, 116, 10, '1.5', 24),
(1994, 39, 29, 8, 127, 10, '1.5', 24),
(1995, 39, 29, 8, 128, 10, '1.5', 24),
(1996, 39, 29, 8, 135, 10, '1.5', 24),
(1997, 39, 29, 8, 138, 10, '1.5', 24),
(1998, 39, 29, 8, 143, 10, '1.5', 24),
(1999, 39, 29, 8, 109, 9, '10.5', 24),
(2000, 39, 29, 8, 119, 9, '10.5', 24),
(2001, 39, 29, 8, 120, 9, '10.5', 24),
(2002, 39, 29, 8, 121, 9, '10.5', 24),
(2003, 39, 29, 8, 122, 9, '10.5', 24),
(2004, 39, 29, 8, 125, 9, '10.5', 24),
(2005, 39, 29, 8, 131, 9, '10.5', 24),
(2006, 39, 29, 8, 133, 9, '10.5', 24),
(2007, 39, 29, 8, 134, 9, '10.5', 24),
(2008, 39, 29, 8, 139, 9, '10.5', 24),
(2009, 39, 29, 8, 140, 9, '10.5', 24),
(2010, 39, 29, 8, 145, 9, '10.5', 24),
(2011, 39, 29, 8, 110, 8, '22.5', 24),
(2012, 39, 29, 8, 112, 8, '22.5', 24),
(2013, 39, 29, 8, 113, 8, '22.5', 24),
(2014, 39, 29, 8, 114, 8, '22.5', 24),
(2015, 39, 29, 8, 115, 8, '22.5', 24),
(2016, 39, 29, 8, 123, 8, '22.5', 24),
(2017, 39, 29, 8, 124, 8, '22.5', 24),
(2018, 39, 29, 8, 130, 8, '22.5', 24),
(2019, 39, 29, 8, 132, 8, '22.5', 24),
(2020, 39, 29, 8, 136, 8, '22.5', 24),
(2021, 39, 29, 8, 137, 8, '22.5', 24),
(2022, 39, 29, 8, 141, 8, '22.5', 24),
(2023, 39, 29, 8, 142, 8, '22.5', 24),
(2024, 39, 29, 8, 144, 8, '22.5', 24),
(2025, 39, 29, 8, 118, 7, '36.5', 24),
(2026, 39, 29, 8, 126, 7, '36.5', 24),
(2027, 39, 29, 8, 129, 7, '36.5', 24),
(2028, 43, 34, 66, 160, 15, '1', NULL),
(2029, 43, 34, 66, 158, 12, '3', NULL),
(2030, 43, 34, 66, 159, 13, '2', NULL),
(2031, 43, 34, 65, 159, 18, '1', NULL),
(2032, 43, 34, 65, 160, 12, '3', NULL),
(2033, 43, 34, 65, 158, 17, '2', NULL),
(2034, 43, 34, 64, 160, 20, '1', NULL),
(2035, 43, 34, 64, 159, 18, '2', NULL),
(2036, 43, 34, 64, 158, 15, '3', NULL),
(2037, 43, 34, 67, 160, 18, '1', NULL),
(2038, 43, 34, 67, 158, 17, '2', NULL),
(2039, 43, 34, 67, 159, 13, '3', NULL),
(2040, 43, 34, 68, 160, 25, '1', NULL),
(2041, 43, 34, 68, 159, 23, '2', NULL),
(2042, 43, 34, 68, 158, 10, '3', NULL),
(2043, 43, 35, 66, 159, 11, '1.5', NULL),
(2044, 43, 35, 66, 160, 11, '1.5', NULL),
(2045, 43, 35, 66, 158, 10, '3', NULL),
(2046, 43, 35, 67, 159, 16, '1.5', NULL),
(2047, 43, 35, 67, 160, 16, '1.5', NULL),
(2048, 43, 35, 67, 158, 15, '3', NULL),
(2049, 43, 35, 65, 159, 18, '1.5', NULL),
(2050, 43, 35, 65, 158, 15, '3', NULL),
(2051, 43, 35, 65, 160, 18, '1.5', NULL),
(2052, 43, 35, 64, 160, 17, '1', NULL),
(2053, 43, 35, 64, 158, 15, '3', NULL),
(2054, 43, 35, 64, 159, 16, '2', NULL),
(2055, 43, 35, 68, 158, 20, '1.5', NULL),
(2056, 43, 35, 68, 160, 20, '1.5', NULL),
(2057, 43, 35, 68, 159, 20, '1.5', NULL),
(2058, 43, 36, 68, 160, 20, '1', NULL),
(2059, 43, 36, 68, 158, 18, '2.5', NULL),
(2060, 43, 36, 68, 159, 18, '2.5', NULL),
(2061, 43, 36, 64, 160, 18, '1', NULL),
(2062, 43, 36, 64, 158, 16, '2.5', NULL),
(2063, 43, 36, 64, 159, 16, '2.5', NULL),
(2064, 43, 36, 65, 160, 19, '1', NULL),
(2065, 43, 36, 65, 158, 18, '2.5', NULL),
(2066, 43, 36, 65, 159, 18, '2.5', NULL),
(2067, 43, 36, 67, 158, 17, '1.5', NULL),
(2068, 43, 36, 67, 160, 17, '1.5', NULL),
(2069, 43, 36, 67, 159, 16, '3', NULL),
(2070, 43, 36, 66, 158, 13, '1.5', NULL),
(2071, 43, 36, 66, 160, 13, '1.5', NULL),
(2072, 43, 36, 66, 159, 12, '3', NULL),
(2115, 44, 44, 78, 166, 25, '1.5', NULL),
(2116, 44, 44, 78, 167, 25, '1.5', NULL),
(2117, 44, 44, 78, 169, 24, '3.5', NULL),
(2118, 44, 44, 78, 165, 20, '6', NULL),
(2119, 44, 44, 78, 172, 24, '3.5', NULL),
(2120, 44, 44, 78, 170, 23, '5', NULL),
(2121, 44, 44, 78, 173, 18, '7', NULL),
(2122, 44, 44, 78, 174, 17, '8', NULL),
(2123, 44, 44, 78, 168, 14, '9.5', NULL),
(2124, 44, 44, 78, 171, 14, '9.5', NULL),
(2125, 44, 42, 78, 167, 22, '1', NULL),
(2126, 44, 42, 78, 166, 21, '2', NULL),
(2127, 44, 42, 78, 172, 20.5, '3', NULL),
(2128, 44, 42, 78, 168, 19, '6.5', NULL),
(2129, 44, 42, 78, 169, 19.5, '5', NULL),
(2130, 44, 42, 78, 165, 20, '4', NULL),
(2131, 44, 42, 78, 173, 19, '6.5', NULL),
(2132, 44, 42, 78, 171, 18.5, '8', NULL),
(2133, 44, 42, 78, 170, 18, '9', NULL),
(2134, 44, 42, 78, 174, 17.5, '10', NULL),
(2135, 44, 40, 78, 172, 22, '1.5', NULL),
(2136, 44, 40, 78, 166, 22, '1.5', NULL),
(2137, 44, 40, 78, 165, 21, '3.5', NULL),
(2138, 44, 40, 78, 167, 21, '3.5', NULL),
(2139, 44, 40, 78, 168, 21, '3.5', NULL),
(2140, 44, 40, 78, 171, 21, '3.5', NULL),
(2141, 44, 40, 78, 169, 20, '7.5', NULL),
(2142, 44, 40, 78, 170, 20, '7.5', NULL),
(2143, 44, 40, 78, 173, 20, '7.5', NULL),
(2144, 44, 40, 78, 174, 20, '7.5', NULL),
(2145, 44, 43, 78, 167, 22, '2', NULL),
(2146, 44, 43, 78, 166, 23, '1', NULL),
(2147, 44, 43, 78, 172, 21, '3', NULL),
(2148, 44, 43, 78, 165, 20.5, '4', NULL),
(2149, 44, 43, 78, 173, 19.5, '6', NULL),
(2150, 44, 43, 78, 169, 20, '5', NULL),
(2151, 44, 43, 78, 168, 19, '7', NULL),
(2152, 44, 43, 78, 170, 18, '8.5', NULL),
(2153, 44, 43, 78, 171, 18, '8.5', NULL),
(2154, 44, 43, 78, 174, 17, '10', NULL),
(2155, 44, 41, 78, 166, 23, '1', NULL),
(2156, 44, 41, 78, 167, 22, '2', NULL),
(2157, 44, 41, 78, 165, 21, '3', NULL),
(2158, 44, 41, 78, 172, 20, '4', NULL),
(2159, 44, 41, 78, 168, 19, '5', NULL),
(2160, 44, 41, 78, 169, 19, '6.5', NULL),
(2161, 44, 41, 78, 170, 19, '6.5', NULL),
(2162, 44, 41, 78, 173, 19, '6.5', NULL),
(2163, 44, 41, 78, 174, 19, '6.5', NULL),
(2164, 44, 41, 78, 171, 18, '10', NULL),
(2165, 44, 44, 79, 165, 20, '1.5', NULL),
(2166, 44, 44, 79, 166, 20, '1.5', NULL),
(2167, 44, 44, 79, 172, 20, '1.5', NULL),
(2168, 44, 44, 79, 167, 20, '1.5', NULL),
(2169, 44, 44, 79, 169, 18, '5', NULL),
(2170, 44, 44, 79, 170, 13, '6', NULL),
(2171, 44, 44, 79, 171, 12, '7.5', NULL),
(2172, 44, 44, 79, 173, 12, '7.5', NULL),
(2173, 44, 44, 79, 168, 10, '9.5', NULL),
(2174, 44, 44, 79, 174, 10, '9.5', NULL),
(2175, 44, 40, 79, 167, 20, '1', NULL),
(2176, 44, 40, 79, 166, 19, '2', NULL),
(2177, 44, 40, 79, 168, 18, '3.5', NULL),
(2178, 44, 40, 79, 172, 18, '3.5', NULL),
(2179, 44, 40, 79, 165, 18, '3.5', NULL),
(2180, 44, 40, 79, 174, 18, '3.5', NULL),
(2181, 44, 40, 79, 169, 17, '7.5', NULL),
(2182, 44, 40, 79, 170, 17, '7.5', NULL),
(2183, 44, 40, 79, 171, 17, '7.5', NULL),
(2184, 44, 40, 79, 173, 17, '7.5', NULL),
(2185, 44, 43, 79, 167, 20, '1', NULL),
(2186, 44, 43, 79, 168, 19, '2', NULL),
(2187, 44, 43, 79, 166, 18, '3', NULL),
(2188, 44, 43, 79, 165, 17.5, '4', NULL),
(2189, 44, 43, 79, 173, 17, '5', NULL),
(2190, 44, 43, 79, 174, 16.5, '6', NULL),
(2191, 44, 43, 79, 169, 16, '7', NULL),
(2192, 44, 43, 79, 171, 15.5, '8', NULL),
(2193, 44, 43, 79, 170, 15, '9.5', NULL),
(2194, 44, 43, 79, 172, 15, '9.5', NULL),
(2195, 44, 42, 79, 167, 19, '1', NULL),
(2196, 44, 42, 79, 166, 18.5, '2', NULL),
(2197, 44, 42, 79, 165, 18, '3', NULL),
(2198, 44, 42, 79, 172, 17.8, '4', NULL),
(2199, 44, 42, 79, 171, 17.2, '6', NULL),
(2200, 44, 42, 79, 170, 17.4, '5', NULL),
(2201, 44, 42, 79, 168, 17, '7', NULL),
(2202, 44, 42, 79, 173, 16.7, '8', NULL),
(2203, 44, 42, 79, 169, 16.5, '9.5', NULL),
(2204, 44, 42, 79, 174, 16.5, '9.5', NULL),
(2205, 44, 41, 79, 165, 18, '2.5', NULL),
(2206, 44, 41, 79, 166, 19, '1', NULL),
(2207, 44, 41, 79, 167, 17, '6.5', NULL),
(2208, 44, 41, 79, 171, 18, '2.5', NULL),
(2209, 44, 41, 79, 173, 18, '2.5', NULL),
(2210, 44, 41, 79, 174, 18, '2.5', NULL),
(2211, 44, 41, 79, 169, 17, '6.5', NULL),
(2212, 44, 41, 79, 170, 17, '6.5', NULL),
(2213, 44, 41, 79, 172, 17, '6.5', NULL),
(2214, 44, 41, 79, 168, 16, '10', NULL),
(2215, 44, 43, 80, 171, 29, '1', NULL),
(2216, 44, 43, 80, 167, 28, '2', NULL),
(2217, 44, 43, 80, 173, 26, '6', NULL),
(2218, 44, 43, 80, 168, 27.5, '3', NULL),
(2219, 44, 43, 80, 170, 27, '4.5', NULL),
(2220, 44, 43, 80, 166, 27, '4.5', NULL),
(2221, 44, 43, 80, 174, 25, '7', NULL),
(2222, 44, 43, 80, 172, 24, '8', NULL),
(2223, 44, 43, 80, 165, 23, '9', NULL),
(2224, 44, 43, 80, 169, 22, '10', NULL),
(2225, 44, 42, 80, 168, 28.5, '2', NULL),
(2226, 44, 42, 80, 167, 29, '1', NULL),
(2227, 44, 42, 80, 166, 28, '3', NULL),
(2228, 44, 42, 80, 169, 27.5, '4', NULL),
(2229, 44, 42, 80, 165, 27, '6', NULL),
(2230, 44, 42, 80, 170, 26.5, '7', NULL),
(2231, 44, 42, 80, 172, 27.2, '5', NULL),
(2232, 44, 42, 80, 171, 26, '8', NULL),
(2233, 44, 42, 80, 173, 25.5, '9', NULL),
(2234, 44, 42, 80, 174, 25.2, '10', NULL),
(2235, 44, 44, 80, 166, 28, '1', NULL),
(2236, 44, 44, 80, 173, 26, '3', NULL),
(2237, 44, 44, 80, 168, 27, '2', NULL),
(2238, 44, 44, 80, 167, 25, '4', NULL),
(2239, 44, 44, 80, 165, 20, '5.5', NULL),
(2240, 44, 44, 80, 174, 20, '5.5', NULL),
(2241, 44, 44, 80, 170, 19, '7', NULL),
(2242, 44, 44, 80, 169, 18, '8', NULL),
(2243, 44, 44, 80, 171, 15, '9.5', NULL),
(2244, 44, 44, 80, 172, 15, '9.5', NULL),
(2245, 44, 40, 80, 167, 29, '1.5', NULL),
(2246, 44, 40, 80, 173, 29, '1.5', NULL),
(2247, 44, 40, 80, 166, 28, '3.5', NULL),
(2248, 44, 40, 80, 165, 27, '5.5', NULL),
(2249, 44, 40, 80, 170, 27, '5.5', NULL),
(2250, 44, 40, 80, 172, 27, '5.5', NULL),
(2251, 44, 40, 80, 168, 28, '3.5', NULL),
(2252, 44, 40, 80, 174, 27, '5.5', NULL),
(2253, 44, 40, 80, 169, 26, '9.5', NULL),
(2254, 44, 40, 80, 171, 26, '9.5', NULL),
(2255, 44, 41, 80, 167, 25, '2', NULL),
(2256, 44, 41, 80, 166, 27, '1', NULL),
(2257, 44, 41, 80, 168, 23, '6.5', NULL),
(2258, 44, 41, 80, 170, 23, '6.5', NULL),
(2259, 44, 41, 80, 169, 24, '3.5', NULL),
(2260, 44, 41, 80, 172, 24, '3.5', NULL),
(2261, 44, 41, 80, 165, 24, '3.5', NULL),
(2262, 44, 41, 80, 171, 23, '6.5', NULL),
(2263, 44, 41, 80, 173, 23, '6.5', NULL),
(2264, 44, 41, 80, 174, 22, '10', NULL),
(2265, 44, 44, 81, 166, 24, '2.5', NULL),
(2266, 44, 44, 81, 167, 25, '1', NULL),
(2267, 44, 44, 81, 168, 24, '2.5', NULL),
(2268, 44, 44, 81, 169, 23, '4', NULL),
(2269, 44, 44, 81, 172, 19, '5', NULL),
(2270, 44, 44, 81, 165, 18, '6.5', NULL),
(2271, 44, 44, 81, 170, 18, '6.5', NULL),
(2272, 44, 44, 81, 173, 18, '6.5', NULL),
(2273, 44, 44, 81, 174, 18, '6.5', NULL),
(2274, 44, 44, 81, 171, 17, '10', NULL),
(2275, 44, 43, 81, 167, 23, '2', NULL),
(2276, 44, 43, 81, 168, 25, '1', NULL),
(2277, 44, 43, 81, 173, 22.5, '3', NULL),
(2278, 44, 43, 81, 166, 22, '4', NULL),
(2279, 44, 43, 81, 174, 21.5, '5', NULL),
(2280, 44, 43, 81, 172, 21, '6', NULL),
(2281, 44, 43, 81, 171, 20.5, '7', NULL),
(2282, 44, 43, 81, 170, 20, '8', NULL),
(2283, 44, 43, 81, 165, 19, '9', NULL),
(2284, 44, 43, 81, 169, 18, '10', NULL),
(2285, 44, 42, 81, 169, 22, '2', NULL),
(2286, 44, 42, 81, 167, 23, '1', NULL),
(2287, 44, 42, 81, 166, 21.5, '4', NULL),
(2288, 44, 42, 81, 170, 21.8, '3', NULL),
(2289, 44, 42, 81, 171, 21.2, '5', NULL),
(2290, 44, 42, 81, 165, 21, '6', NULL),
(2291, 44, 42, 81, 172, 20.8, '7', NULL),
(2292, 44, 42, 81, 173, 20.5, '8', NULL),
(2293, 44, 42, 81, 168, 20, '9', NULL),
(2294, 44, 42, 81, 174, 19.5, '10', NULL),
(2295, 44, 41, 81, 166, 23, '1.5', NULL),
(2296, 44, 41, 81, 173, 23, '1.5', NULL),
(2297, 44, 41, 81, 165, 22, '3.5', NULL),
(2298, 44, 41, 81, 170, 22, '3.5', NULL),
(2299, 44, 41, 81, 172, 22, '3.5', NULL),
(2300, 44, 41, 81, 174, 22, '3.5', NULL),
(2301, 44, 41, 81, 167, 21, '7.5', NULL),
(2302, 44, 41, 81, 169, 21, '7.5', NULL),
(2303, 44, 41, 81, 171, 21, '7.5', NULL),
(2304, 44, 41, 81, 168, 20, '10', NULL),
(2305, 44, 40, 81, 168, 23, '1', NULL),
(2306, 44, 40, 81, 167, 22, '2.5', NULL),
(2307, 44, 40, 81, 166, 21, '4.5', NULL),
(2308, 44, 40, 81, 169, 22, '2.5', NULL),
(2309, 44, 40, 81, 170, 21, '4.5', NULL),
(2310, 44, 40, 81, 171, 21, '4.5', NULL),
(2311, 44, 40, 81, 173, 21, '4.5', NULL),
(2312, 44, 40, 81, 174, 21, '4.5', NULL),
(2313, 44, 40, 81, 165, 20, '9.5', NULL),
(2314, 44, 40, 81, 172, 20, '9.5', NULL),
(2560, 48, 50, 100, 186, 10, '1.5', 0),
(2561, 48, 50, 100, 187, 10, '1.5', 0),
(2562, 48, 50, 100, 188, 10, '1.5', 0),
(2563, 48, 50, 100, 190, 10, '1.5', 0),
(2564, 48, 50, 100, 197, 10, '1.5', 0),
(2565, 48, 50, 100, 192, 10, '1.5', 0),
(2566, 48, 50, 100, 193, 10, '1.5', 0),
(2567, 48, 50, 100, 198, 10, '1.5', 0),
(2568, 48, 50, 100, 184, 9, '9.5', 0),
(2569, 48, 50, 100, 194, 6, '15', 0),
(2570, 48, 50, 100, 185, 9, '9.5', 0),
(2571, 48, 50, 100, 196, 8, '12.5', 0),
(2572, 48, 50, 100, 191, 9, '9.5', 0),
(2573, 48, 50, 100, 195, 8, '12.5', 0),
(2574, 48, 50, 100, 189, 8, '12.5', 0),
(2575, 48, 46, 101, 194, 18, '2', 0),
(2576, 48, 46, 101, 190, 19, '1', 0),
(2577, 48, 46, 101, 185, 17, '3.5', 0),
(2578, 48, 46, 101, 197, 17, '3.5', 0),
(2579, 48, 46, 101, 191, 17, '3.5', 0),
(2580, 48, 46, 101, 195, 16, '6', 0),
(2581, 48, 46, 101, 187, 15, '7.5', 0),
(2582, 48, 46, 101, 186, 15, '7.5', 0),
(2583, 48, 46, 101, 184, 14, '9.5', 0),
(2584, 48, 46, 101, 188, 14, '9.5', 0),
(2585, 48, 46, 101, 193, 14, '9.5', 0),
(2586, 48, 46, 101, 192, 13, '12.5', 0),
(2587, 48, 46, 101, 196, 13, '12.5', 0),
(2588, 48, 46, 101, 198, 13, '12.5', 0),
(2589, 48, 46, 101, 189, 12, '15', 0),
(2590, 48, 47, 101, 186, 20, '1.5', 0),
(2591, 48, 47, 101, 197, 20, '1.5', 0),
(2592, 48, 47, 101, 190, 19, '3.5', 0),
(2593, 48, 47, 101, 185, 18, '5.5', 0),
(2594, 48, 47, 101, 194, 19, '3.5', 0),
(2595, 48, 47, 101, 191, 18, '5.5', 0),
(2596, 48, 47, 101, 195, 18, '5.5', 0),
(2597, 48, 47, 101, 192, 17, '8', 0),
(2598, 48, 47, 101, 187, 16, '9.5', 0),
(2599, 48, 47, 101, 189, 16, '9.5', 0),
(2600, 48, 47, 101, 193, 16, '9.5', 0),
(2601, 48, 47, 101, 198, 16, '9.5', 0),
(2602, 48, 47, 101, 184, 15, '13.5', 0),
(2603, 48, 47, 101, 196, 15, '13.5', 0),
(2604, 48, 47, 101, 188, 14, '15', 0),
(2605, 48, 48, 101, 194, 19, '2', 0),
(2606, 48, 48, 101, 191, 20, '1', 0),
(2607, 48, 48, 101, 187, 18, '3.5', 0),
(2608, 48, 48, 101, 197, 18, '3.5', 0),
(2609, 48, 48, 101, 186, 17, '5.5', 0),
(2610, 48, 48, 101, 195, 17, '5.5', 0),
(2611, 48, 48, 101, 184, 15, '7.5', 0),
(2612, 48, 48, 101, 188, 15, '7.5', 0),
(2613, 48, 48, 101, 190, 15, '7.5', 0),
(2614, 48, 48, 101, 193, 15, '7.5', 0),
(2615, 48, 48, 101, 192, 13, '11.5', 0),
(2616, 48, 48, 101, 198, 12, '13', 0),
(2617, 48, 48, 101, 196, 13, '11.5', 0),
(2618, 48, 48, 101, 185, 10, '14.5', 0),
(2619, 48, 48, 101, 189, 10, '14.5', 0),
(2620, 48, 47, 102, 191, 10, '1.5', 0),
(2621, 48, 47, 102, 197, 10, '1.5', 0),
(2622, 48, 47, 102, 184, 9, '3.5', 0),
(2623, 48, 47, 102, 186, 9, '3.5', 0),
(2624, 48, 47, 102, 192, 9, '3.5', 0),
(2625, 48, 47, 102, 194, 9, '3.5', 0),
(2626, 48, 47, 102, 190, 8, '7.5', 0),
(2627, 48, 47, 102, 185, 8, '7.5', 0),
(2628, 48, 47, 102, 195, 8, '7.5', 0),
(2629, 48, 47, 102, 187, 7, '10.5', 0),
(2630, 48, 47, 102, 188, 7, '10.5', 0),
(2631, 48, 47, 102, 189, 7, '10.5', 0),
(2632, 48, 47, 102, 196, 7, '10.5', 0),
(2633, 48, 47, 102, 193, 6, '14.5', 0),
(2634, 48, 47, 102, 198, 6, '14.5', 0),
(2635, 48, 46, 102, 194, 9, '2', 0),
(2636, 48, 46, 102, 184, 10, '1', 0),
(2637, 48, 46, 102, 190, 7.5, '3', 0),
(2638, 48, 46, 102, 196, 7.2, '4', 0),
(2639, 48, 46, 102, 186, 7, '5.5', 0),
(2640, 48, 46, 102, 185, 7, '5.5', 0),
(2641, 48, 46, 102, 188, 7, '5.5', 0),
(2642, 48, 46, 102, 191, 7, '5.5', 0),
(2643, 48, 46, 102, 197, 7, '5.5', 0),
(2644, 48, 46, 102, 198, 6.5, '10', 0),
(2645, 48, 46, 102, 187, 6, '11.5', 0),
(2646, 48, 46, 102, 193, 6, '11.5', 0),
(2647, 48, 46, 102, 189, 5, '13.5', 0),
(2648, 48, 46, 102, 192, 5, '13.5', 0),
(2649, 48, 46, 102, 195, 5, '13.5', 0),
(2650, 48, 48, 102, 186, 10, '1', 0),
(2651, 48, 48, 102, 191, 8, '2.5', 0),
(2652, 48, 48, 102, 197, 8, '2.5', 0),
(2653, 48, 48, 102, 196, 7, '5', 0),
(2654, 48, 48, 102, 187, 6, '6', 0),
(2655, 48, 48, 102, 194, 8, '2.5', 0),
(2656, 48, 48, 102, 184, 5, '7.5', 0),
(2657, 48, 48, 102, 188, 5, '7.5', 0),
(2658, 48, 48, 102, 190, 5, '7.5', 0),
(2659, 48, 48, 102, 192, 5, '7.5', 0),
(2660, 48, 48, 102, 193, 5, '7.5', 0),
(2661, 48, 48, 102, 198, 5, '7.5', 0),
(2662, 48, 48, 102, 189, 4, '13', 0),
(2663, 48, 48, 102, 185, 3, '14', 0),
(2664, 48, 48, 102, 195, 1, '15', 0),
(2665, 48, 48, 103, 184, 5, '3.5', 0),
(2666, 48, 48, 103, 188, 5, '3.5', 0),
(2667, 48, 48, 103, 196, 5, '3.5', 0),
(2668, 48, 48, 103, 194, 5, '3.5', 0),
(2669, 48, 48, 103, 186, 10, '1', 0),
(2670, 48, 48, 103, 187, 6, '2', 0),
(2671, 48, 48, 103, 189, 4, '7.5', 0),
(2672, 48, 48, 103, 185, 3, '9.5', 0),
(2673, 48, 48, 103, 192, 4, '7.5', 0),
(2674, 48, 48, 103, 190, 3, '9.5', 0),
(2675, 48, 48, 103, 191, 3, '9.5', 0),
(2676, 48, 48, 103, 193, 3, '9.5', 0),
(2677, 48, 48, 103, 197, 3, '9.5', 0),
(2678, 48, 48, 103, 198, 3, '9.5', 0),
(2679, 48, 48, 103, 195, 1, '15', 0),
(2680, 48, 47, 103, 185, 9, '2', 0),
(2681, 48, 47, 103, 186, 10, '1', 0),
(2682, 48, 47, 103, 184, 8, '3.5', 0),
(2683, 48, 47, 103, 194, 8, '3.5', 0),
(2684, 48, 47, 103, 197, 8, '3.5', 0),
(2685, 48, 47, 103, 189, 7, '6.5', 0),
(2686, 48, 47, 103, 191, 7, '6.5', 0),
(2687, 48, 47, 103, 192, 7, '6.5', 0),
(2688, 48, 47, 103, 196, 7, '6.5', 0),
(2689, 48, 47, 103, 198, 6, '10', 0),
(2690, 48, 47, 103, 187, 5, '11.5', 0),
(2691, 48, 47, 103, 188, 5, '11.5', 0),
(2692, 48, 47, 103, 190, 5, '11.5', 0),
(2693, 48, 47, 103, 193, 5, '11.5', 0),
(2694, 48, 47, 103, 195, 3, '15', 0),
(2695, 48, 46, 103, 184, 10, '1', 0),
(2696, 48, 46, 103, 194, 9, '2', 0),
(2697, 48, 46, 103, 190, 7.5, '3', 0),
(2698, 48, 46, 103, 185, 7, '5.5', 0),
(2699, 48, 46, 103, 186, 7, '5.5', 0),
(2700, 48, 46, 103, 196, 7.2, '4', 0),
(2701, 48, 46, 103, 188, 7, '5.5', 0),
(2702, 48, 46, 103, 191, 7, '5.5', 0),
(2703, 48, 46, 103, 197, 7, '5.5', 0),
(2704, 48, 46, 103, 198, 6.5, '10', 0),
(2705, 48, 46, 103, 187, 6, '11.5', 0),
(2706, 48, 46, 103, 193, 6, '11.5', 0),
(2707, 48, 46, 103, 189, 5, '13.5', 0),
(2708, 48, 46, 103, 192, 5, '13.5', 0),
(2709, 48, 46, 103, 195, 5, '13.5', 0),
(2710, 48, 47, 104, 191, 10, '1', 0),
(2711, 48, 47, 104, 184, 9, '2.5', 0),
(2712, 48, 47, 104, 194, 9, '2.5', 0),
(2713, 48, 47, 104, 197, 9, '2.5', 0),
(2714, 48, 47, 104, 185, 8, '5.5', 0),
(2715, 48, 47, 104, 190, 8, '5.5', 0),
(2716, 48, 47, 104, 186, 7, '7.5', 0),
(2717, 48, 47, 104, 187, 7, '7.5', 0),
(2718, 48, 47, 104, 198, 7, '7.5', 0),
(2719, 48, 47, 104, 188, 6, '10.5', 0),
(2720, 48, 47, 104, 196, 6, '10.5', 0),
(2721, 48, 47, 104, 193, 6, '10.5', 0),
(2722, 48, 47, 104, 189, 6, '10.5', 0),
(2723, 48, 47, 104, 192, 5, '14.5', 0),
(2724, 48, 47, 104, 195, 5, '14.5', 0),
(2725, 48, 46, 104, 190, 10, '1', 0),
(2726, 48, 46, 104, 184, 9.5, '2', 0),
(2727, 48, 46, 104, 194, 9, '3', 0),
(2728, 48, 46, 104, 197, 8, '4', 0),
(2729, 48, 46, 104, 191, 7.5, '5', 0),
(2730, 48, 46, 104, 188, 7, '6.5', 0),
(2731, 48, 46, 104, 193, 7, '6.5', 0),
(2732, 48, 46, 104, 198, 7, '6.5', 0),
(2733, 48, 46, 104, 192, 6.5, '9', 0),
(2734, 48, 46, 104, 185, 6, '10.5', 0),
(2735, 48, 46, 104, 186, 6, '10.5', 0),
(2736, 48, 46, 104, 196, 6, '10.5', 0),
(2737, 48, 46, 104, 195, 5.5, '13', 0),
(2738, 48, 46, 104, 187, 5, '14', 0),
(2739, 48, 46, 104, 189, 4.5, '15', 0),
(2740, 48, 48, 104, 197, 10, '1.5', 0),
(2741, 48, 48, 104, 184, 10, '1.5', 0),
(2742, 48, 48, 104, 194, 9, '3.5', 0),
(2743, 48, 48, 104, 187, 7, '6.5', 0),
(2744, 48, 48, 104, 191, 9, '3.5', 0),
(2745, 48, 48, 104, 186, 7, '6.5', 0),
(2746, 48, 48, 104, 196, 9, '3.5', 0),
(2747, 48, 48, 104, 192, 6, '8', 0),
(2748, 48, 48, 104, 188, 5, '9.5', 0),
(2749, 48, 48, 104, 185, 5, '9.5', 0),
(2750, 48, 48, 104, 189, 4, '11.5', 0),
(2751, 48, 48, 104, 193, 4, '11.5', 0),
(2752, 48, 48, 104, 190, 3, '13.5', 0),
(2753, 48, 48, 104, 198, 3, '13.5', 0),
(2754, 48, 48, 104, 195, 1, '15', 0),
(2755, 48, 47, 105, 185, 9, '1.5', 0),
(2756, 48, 47, 105, 184, 9, '1.5', 0),
(2757, 48, 47, 105, 187, 7, '4.5', 0),
(2758, 48, 47, 105, 186, 9, '1.5', 0),
(2759, 48, 47, 105, 188, 7, '4.5', 0),
(2760, 48, 47, 105, 189, 7, '4.5', 0),
(2761, 48, 47, 105, 190, 5, '7.5', 0),
(2762, 48, 47, 105, 191, 5, '7.5', 0),
(2763, 48, 47, 105, 192, 5, '7.5', 0),
(2764, 48, 47, 105, 193, 5, '7.5', 0),
(2765, 48, 47, 105, 194, 5, '7.5', 0),
(2766, 48, 47, 105, 195, 5, '7.5', 0),
(2767, 48, 47, 105, 196, 5, '7.5', 0),
(2768, 48, 47, 105, 197, 5, '7.5', 0),
(2769, 48, 47, 105, 198, 5, '7.5', 0),
(2770, 48, 46, 105, 197, 9, '1', 0),
(2771, 48, 46, 105, 186, 8.5, '2', 0),
(2772, 48, 46, 105, 196, 8, '3.5', 0),
(2773, 48, 46, 105, 198, 8, '3.5', 0),
(2774, 48, 46, 105, 189, 8, '3.5', 0),
(2775, 48, 46, 105, 194, 7.5, '6', 0),
(2776, 48, 46, 105, 192, 7, '7.5', 0),
(2777, 48, 46, 105, 193, 7, '7.5', 0),
(2778, 48, 46, 105, 195, 7, '7.5', 0),
(2779, 48, 46, 105, 184, 6, '10.5', 0),
(2780, 48, 46, 105, 185, 6, '10.5', 0),
(2781, 48, 46, 105, 190, 6, '10.5', 0),
(2782, 48, 46, 105, 191, 6, '10.5', 0),
(2783, 48, 46, 105, 188, 5.5, '14', 0),
(2784, 48, 46, 105, 187, 5, '15', 0),
(2785, 48, 48, 105, 197, 10, '1.5', 0),
(2786, 48, 48, 105, 196, 10, '1.5', 0),
(2787, 48, 48, 105, 198, 10, '1.5', 0),
(2788, 48, 48, 105, 185, 8, '4.5', 0),
(2789, 48, 48, 105, 184, 8, '4.5', 0),
(2790, 48, 48, 105, 186, 8, '4.5', 0),
(2791, 48, 48, 105, 187, 6, '7.5', 0),
(2792, 48, 48, 105, 188, 6, '7.5', 0),
(2793, 48, 48, 105, 189, 6, '7.5', 0),
(2794, 48, 48, 105, 190, 5, '10.5', 0),
(2795, 48, 48, 105, 191, 5, '10.5', 0),
(2796, 48, 48, 105, 192, 5, '10.5', 0),
(2797, 48, 48, 105, 193, 2, '13.5', 0),
(2798, 48, 48, 105, 194, 2, '13.5', 0),
(2799, 48, 48, 105, 195, 2, '13.5', 0),
(2800, 48, 46, 106, 184, 10, '1', 0),
(2801, 48, 46, 106, 197, 9, '2', 0),
(2802, 48, 46, 106, 188, 7.5, '7', 0),
(2803, 48, 46, 106, 191, 8.5, '3', 0),
(2804, 48, 46, 106, 190, 8, '4.5', 0),
(2805, 48, 46, 106, 194, 8, '4.5', 0),
(2806, 48, 46, 106, 198, 8, '4.5', 0),
(2807, 48, 46, 106, 187, 7, '8.5', 0),
(2808, 48, 46, 106, 189, 7, '8.5', 0),
(2809, 48, 46, 106, 193, 7, '8.5', 0),
(2810, 48, 46, 106, 196, 7, '8.5', 0),
(2811, 48, 46, 106, 185, 6.5, '12.5', 0),
(2812, 48, 46, 106, 195, 6.5, '12.5', 0),
(2813, 48, 46, 106, 186, 6, '14.5', 0),
(2814, 48, 46, 106, 192, 6, '14.5', 0),
(2815, 48, 47, 106, 184, 10, '1.5', 0),
(2816, 48, 47, 106, 191, 10, '1.5', 0),
(2817, 48, 47, 106, 193, 9, '3.5', 0),
(2818, 48, 47, 106, 196, 9, '3.5', 0),
(2819, 48, 47, 106, 197, 8, '5', 0),
(2820, 48, 47, 106, 185, 7, '6.5', 0),
(2821, 48, 47, 106, 188, 7, '6.5', 0),
(2822, 48, 47, 106, 194, 7, '6.5', 0),
(2823, 48, 47, 106, 198, 7, '6.5', 0),
(2824, 48, 47, 106, 186, 6, '10.5', 0),
(2825, 48, 47, 106, 187, 6, '10.5', 0),
(2826, 48, 47, 106, 190, 6, '10.5', 0),
(2827, 48, 47, 106, 189, 5, '13', 0),
(2828, 48, 47, 106, 192, 4, '14.5', 0),
(2829, 48, 47, 106, 195, 4, '14.5', 0),
(2830, 48, 48, 106, 184, 10, '1', 0),
(2831, 48, 48, 106, 191, 9, '2.5', 0),
(2832, 48, 48, 106, 194, 7, '5', 0),
(2833, 48, 48, 106, 197, 8, '4', 0),
(2834, 48, 48, 106, 196, 9, '2.5', 0),
(2835, 48, 48, 106, 188, 6, '6.5', 0),
(2836, 48, 48, 106, 190, 6, '6.5', 0),
(2837, 48, 48, 106, 185, 5, '8.5', 0),
(2838, 48, 48, 106, 186, 5, '8.5', 0),
(2839, 48, 48, 106, 189, 5, '8.5', 0),
(2840, 48, 48, 106, 193, 5, '8.5', 0),
(2841, 48, 48, 106, 187, 4, '13', 0),
(2842, 48, 48, 106, 198, 5, '8.5', 0),
(2843, 48, 48, 106, 192, 3, '14.5', 0),
(2844, 48, 48, 106, 195, 3, '14.5', 0),
(2845, 48, 47, 108, 190, 10, '1', 0),
(2846, 48, 47, 108, 191, 9, '2.5', 0),
(2847, 48, 47, 108, 196, 9, '2.5', 0),
(2848, 48, 47, 108, 186, 8, '4.5', 0),
(2849, 48, 47, 108, 184, 8, '4.5', 0);
INSERT INTO `scores` (`id`, `event_id`, `judge_id`, `criteria_id`, `contestant_id`, `score`, `rank`, `top_id`) VALUES
(2850, 48, 47, 108, 193, 8, '4.5', 0),
(2851, 48, 47, 108, 194, 8, '4.5', 0),
(2852, 48, 47, 108, 198, 8, '4.5', 0),
(2853, 48, 47, 108, 187, 7, '9.5', 0),
(2854, 48, 47, 108, 188, 7, '9.5', 0),
(2855, 48, 47, 108, 197, 7, '9.5', 0),
(2856, 48, 47, 108, 185, 6, '12', 0),
(2857, 48, 47, 108, 189, 5, '13.5', 0),
(2858, 48, 47, 108, 192, 5, '13.5', 0),
(2859, 48, 47, 108, 195, 4, '15', 0),
(2860, 48, 48, 108, 184, 10, '1', 0),
(2861, 48, 48, 108, 186, 9, '2.5', 0),
(2862, 48, 48, 108, 191, 9, '2.5', 0),
(2863, 48, 48, 108, 197, 9, '2.5', 0),
(2864, 48, 48, 108, 190, 7, '6.5', 0),
(2865, 48, 48, 108, 196, 8, '5', 0),
(2866, 48, 48, 108, 194, 7, '6.5', 0),
(2867, 48, 48, 108, 188, 6, '8', 0),
(2868, 48, 48, 108, 185, 5, '9.5', 0),
(2869, 48, 48, 108, 193, 5, '9.5', 0),
(2870, 48, 48, 108, 187, 4, '11', 0),
(2871, 48, 48, 108, 189, 3, '12.5', 0),
(2872, 48, 48, 108, 192, 3, '12.5', 0),
(2873, 48, 48, 108, 195, 3, '12.5', 0),
(2874, 48, 48, 108, 198, 3, '12.5', 0),
(2875, 48, 46, 108, 191, 10, '1', 0),
(2876, 48, 46, 108, 194, 8, '4.5', 0),
(2877, 48, 46, 108, 197, 8.5, '3', 0),
(2878, 48, 46, 108, 188, 7.5, '6.5', 0),
(2879, 48, 46, 108, 190, 8, '4.5', 0),
(2880, 48, 46, 108, 184, 9, '2', 0),
(2881, 48, 46, 108, 193, 7.5, '6.5', 0),
(2882, 48, 46, 108, 187, 7, '8.5', 0),
(2883, 48, 46, 108, 189, 7, '8.5', 0),
(2884, 48, 46, 108, 196, 7, '8.5', 0),
(2885, 48, 46, 108, 198, 7, '8.5', 0),
(2886, 48, 46, 108, 186, 6.5, '12', 0),
(2887, 48, 46, 108, 185, 6, '13.5', 0),
(2888, 48, 46, 108, 195, 6, '13.5', 0),
(2889, 48, 46, 108, 192, 5, '15', 0),
(2890, 48, 47, 110, 184, 20, '1.5', 0),
(2891, 48, 47, 110, 194, 20, '1.5', 0),
(2892, 48, 47, 110, 191, 18, '4.5', 0),
(2893, 48, 47, 110, 186, 18, '4.5', 0),
(2894, 48, 47, 110, 197, 20, '1.5', 0),
(2895, 48, 46, 110, 191, 20, '1', 0),
(2896, 48, 46, 110, 184, 19, '2', 0),
(2897, 48, 46, 110, 194, 16, '4', 0),
(2898, 48, 46, 110, 197, 17, '3', 0),
(2899, 48, 46, 110, 186, 15, '5', 0),
(2900, 48, 48, 110, 184, 20, '1', 0),
(2901, 48, 48, 110, 197, 18, '2', 0),
(2902, 48, 48, 110, 191, 17, '3', 0),
(2903, 48, 48, 110, 194, 15, '4', 0),
(2904, 48, 48, 110, 186, 10, '5', 0),
(2905, 48, 48, 111, 184, 20, '1', 0),
(2906, 48, 48, 111, 197, 18, '2', 0),
(2907, 48, 48, 111, 191, 17, '3', 0),
(2908, 48, 48, 111, 194, 15, '4', 0),
(2909, 48, 48, 111, 186, 10, '5', 0),
(2910, 48, 47, 111, 184, 20, '1.5', 0),
(2911, 48, 47, 111, 186, 20, '1.5', 0),
(2912, 48, 47, 111, 197, 16, '5', 0),
(2913, 48, 47, 111, 194, 18, '4', 0),
(2914, 48, 47, 111, 191, 19, '3', 0),
(2915, 48, 46, 111, 191, 19, '2', 0),
(2916, 48, 46, 111, 184, 20, '1', 0),
(2917, 48, 46, 111, 194, 18, '3.5', 0),
(2918, 48, 46, 111, 197, 18, '3.5', 0),
(2919, 48, 46, 111, 186, 17, '5', 0),
(2920, 48, 46, 112, 184, 20, '1.5', 0),
(2921, 48, 46, 112, 191, 20, '1.5', 0),
(2922, 48, 46, 112, 194, 18, '3', 0),
(2923, 48, 46, 112, 186, 16, '5', 0),
(2924, 48, 46, 112, 197, 17, '4', 0),
(2925, 48, 47, 112, 184, 20, '1.5', 0),
(2926, 48, 47, 112, 194, 15, '3.5', 0),
(2927, 48, 47, 112, 191, 20, '1.5', 0),
(2928, 48, 47, 112, 186, 10, '5', 0),
(2929, 48, 47, 112, 197, 15, '3.5', 0),
(2930, 48, 48, 112, 184, 20, '1', 0),
(2931, 48, 48, 112, 197, 18, '2', 0),
(2932, 48, 48, 112, 191, 17, '3', 0),
(2933, 48, 48, 112, 186, 10, '5', 0),
(2934, 48, 48, 112, 194, 15, '4', 0),
(2935, 48, 46, 113, 191, 19, '1', 0),
(2936, 48, 46, 113, 184, 18, '2', 0),
(2937, 48, 46, 113, 197, 17, '3.5', 0),
(2938, 48, 46, 113, 194, 17, '3.5', 0),
(2939, 48, 46, 113, 186, 15, '5', 0),
(2940, 48, 47, 113, 191, 40, '1', 0),
(2941, 48, 47, 113, 197, 38, '2', 0),
(2942, 48, 47, 113, 194, 36, '3', 0),
(2943, 48, 47, 113, 186, 35, '4', 0),
(2944, 48, 47, 113, 184, 30, '5', 0),
(2945, 48, 48, 113, 184, 40, '1', 0),
(2946, 48, 48, 113, 191, 35, '4', 0),
(2947, 48, 48, 113, 197, 38, '3', 0),
(2948, 48, 48, 113, 194, 39, '2', 0),
(2949, 48, 48, 113, 186, 10, '5', 0),
(2966, 38, 55, 126, 83, 10, '1.5', 0),
(2967, 38, 55, 126, 75, 9, '3.5', 0),
(2968, 38, 55, 126, 70, 9, '3.5', 0),
(2969, 38, 55, 126, 96, 10, '1.5', 0),
(2970, 38, 55, 126, 84, 9, '3.5', 0),
(2971, 38, 55, 126, 82, 9, '3.5', 0),
(2972, 38, 55, 126, 85, 8, '7.5', 0),
(2973, 38, 55, 126, 103, 8, '7.5', 0),
(2974, 38, 55, 126, 104, 8, '7.5', 0),
(2975, 38, 55, 126, 78, 7, '10.5', 0),
(2976, 38, 55, 126, 80, 7, '10.5', 0),
(2977, 38, 55, 126, 88, 7, '10.5', 0),
(2978, 38, 55, 126, 92, 7, '10.5', 0),
(2979, 38, 55, 126, 95, 7, '10.5', 0),
(2980, 38, 55, 126, 101, 7, '10.5', 0),
(2981, 38, 55, 126, 73, 6, '16.5', 0),
(2982, 38, 55, 126, 74, 6, '16.5', 0),
(2983, 38, 55, 126, 91, 6, '16.5', 0),
(2984, 38, 55, 126, 99, 6, '16.5', 0),
(2985, 38, 55, 126, 102, 6, '16.5', 0),
(2986, 38, 55, 126, 105, 6, '16.5', 0),
(2987, 38, 55, 126, 69, 5, '22.5', 0),
(2988, 38, 55, 126, 71, 5, '22.5', 0),
(2989, 38, 55, 126, 72, 5, '22.5', 0),
(2990, 38, 55, 126, 76, 5, '22.5', 0),
(2991, 38, 55, 126, 77, 5, '22.5', 0),
(2992, 38, 55, 126, 79, 5, '22.5', 0),
(2993, 38, 55, 126, 81, 5, '22.5', 0),
(2994, 38, 55, 126, 86, 5, '22.5', 0),
(2995, 38, 55, 126, 87, 5, '22.5', 0),
(2996, 38, 55, 126, 89, 5, '22.5', 0),
(2997, 38, 55, 126, 90, 5, '22.5', 0),
(2998, 38, 55, 126, 93, 5, '22.5', 0),
(2999, 38, 55, 126, 94, 5, '22.5', 0),
(3000, 38, 55, 126, 97, 5, '22.5', 0),
(3001, 38, 55, 126, 98, 5, '22.5', 0),
(3002, 38, 55, 126, 106, 5, '22.5', 0),
(3003, 38, 55, 126, 100, 5, '22.5', 0),
(3004, 38, 52, 126, 70, 9, '1.5', 0),
(3005, 38, 52, 126, 82, 9, '1.5', 0),
(3006, 38, 52, 126, 83, 9, '1.5', 0),
(3007, 38, 52, 126, 96, 9, '1.5', 0),
(3008, 38, 52, 126, 101, 9, '1.5', 0),
(3009, 38, 52, 126, 74, 8, '6.5', 0),
(3010, 38, 52, 126, 75, 8, '6.5', 0),
(3011, 38, 52, 126, 80, 8, '6.5', 0),
(3012, 38, 52, 126, 84, 8, '6.5', 0),
(3013, 38, 52, 126, 104, 8, '6.5', 0),
(3014, 38, 52, 126, 69, 7, '11.5', 0),
(3015, 38, 52, 126, 76, 7, '11.5', 0),
(3016, 38, 52, 126, 88, 7, '11.5', 0),
(3017, 38, 52, 126, 99, 7, '11.5', 0),
(3018, 38, 52, 126, 103, 7, '11.5', 0),
(3019, 38, 52, 126, 71, 6, '16.5', 0),
(3020, 38, 52, 126, 72, 6, '16.5', 0),
(3021, 38, 52, 126, 73, 6, '16.5', 0),
(3022, 38, 52, 126, 77, 6, '16.5', 0),
(3023, 38, 52, 126, 78, 6, '16.5', 0),
(3024, 38, 52, 126, 79, 6, '16.5', 0),
(3025, 38, 52, 126, 81, 6, '16.5', 0),
(3026, 38, 52, 126, 85, 6, '16.5', 0),
(3027, 38, 52, 126, 86, 6, '16.5', 0),
(3028, 38, 52, 126, 87, 6, '16.5', 0),
(3029, 38, 52, 126, 89, 6, '16.5', 0),
(3030, 38, 52, 126, 90, 6, '16.5', 0),
(3031, 38, 52, 126, 91, 6, '16.5', 0),
(3032, 38, 52, 126, 92, 6, '16.5', 0),
(3033, 38, 52, 126, 93, 6, '16.5', 0),
(3034, 38, 52, 126, 94, 6, '16.5', 0),
(3035, 38, 52, 126, 95, 6, '16.5', 0),
(3036, 38, 52, 126, 97, 6, '16.5', 0),
(3037, 38, 52, 126, 98, 6, '16.5', 0),
(3038, 38, 52, 126, 100, 6, '16.5', 0),
(3039, 38, 52, 126, 102, 6, '16.5', 0),
(3040, 38, 52, 126, 105, 6, '16.5', 0),
(3041, 38, 52, 126, 106, 6, '16.5', 0),
(3042, 38, 51, 126, 70, 10, '1.5', 0),
(3043, 38, 51, 126, 75, 10, '1.5', 0),
(3044, 38, 51, 126, 76, 10, '1.5', 0),
(3045, 38, 51, 126, 82, 10, '1.5', 0),
(3046, 38, 51, 126, 83, 10, '1.5', 0),
(3047, 38, 51, 126, 96, 10, '1.5', 0),
(3048, 38, 51, 126, 104, 10, '1.5', 0),
(3049, 38, 51, 126, 99, 9, '8.5', 0),
(3050, 38, 51, 126, 101, 9, '8.5', 0),
(3051, 38, 51, 126, 69, 8, '10.5', 0),
(3052, 38, 51, 126, 74, 8, '10.5', 0),
(3053, 38, 51, 126, 84, 8, '10.5', 0),
(3054, 38, 51, 126, 85, 8, '10.5', 0),
(3055, 38, 51, 126, 86, 8, '10.5', 0),
(3056, 38, 51, 126, 89, 8, '10.5', 0),
(3057, 38, 51, 126, 93, 8, '10.5', 0),
(3058, 38, 51, 126, 94, 8, '10.5', 0),
(3059, 38, 51, 126, 95, 8, '10.5', 0),
(3060, 38, 51, 126, 97, 8, '10.5', 0),
(3061, 38, 51, 126, 98, 8, '10.5', 0),
(3062, 38, 51, 126, 102, 8, '10.5', 0),
(3063, 38, 51, 126, 103, 8, '10.5', 0),
(3064, 38, 51, 126, 71, 7, '23.5', 0),
(3065, 38, 51, 126, 72, 7, '23.5', 0),
(3066, 38, 51, 126, 73, 7, '23.5', 0),
(3067, 38, 51, 126, 77, 7, '23.5', 0),
(3068, 38, 51, 126, 78, 7, '23.5', 0),
(3069, 38, 51, 126, 79, 7, '23.5', 0),
(3070, 38, 51, 126, 80, 7, '23.5', 0),
(3071, 38, 51, 126, 81, 7, '23.5', 0),
(3072, 38, 51, 126, 87, 7, '23.5', 0),
(3073, 38, 51, 126, 88, 7, '23.5', 0),
(3074, 38, 51, 126, 90, 7, '23.5', 0),
(3075, 38, 51, 126, 92, 7, '23.5', 0),
(3076, 38, 51, 126, 100, 7, '23.5', 0),
(3077, 38, 51, 126, 105, 7, '23.5', 0),
(3078, 38, 51, 126, 91, 6, '37.5', 0),
(3079, 38, 51, 126, 106, 6, '37.5', 0),
(3080, 38, 54, 126, 70, 10, '1', 0),
(3081, 38, 54, 126, 75, 9, '2.5', 0),
(3082, 38, 54, 126, 83, 9, '2.5', 0),
(3083, 38, 54, 126, 96, 9, '2.5', 0),
(3084, 38, 54, 126, 69, 8, '5.5', 0),
(3085, 38, 54, 126, 88, 8, '5.5', 0),
(3086, 38, 54, 126, 89, 8, '5.5', 0),
(3087, 38, 54, 126, 101, 8, '5.5', 0),
(3088, 38, 54, 126, 71, 7, '9.5', 0),
(3089, 38, 54, 126, 72, 7, '9.5', 0),
(3090, 38, 54, 126, 73, 7, '9.5', 0),
(3091, 38, 54, 126, 74, 7, '9.5', 0),
(3092, 38, 54, 126, 76, 7, '9.5', 0),
(3093, 38, 54, 126, 77, 7, '9.5', 0),
(3094, 38, 54, 126, 78, 7, '9.5', 0),
(3095, 38, 54, 126, 79, 7, '9.5', 0),
(3096, 38, 54, 126, 80, 7, '9.5', 0),
(3097, 38, 54, 126, 81, 7, '9.5', 0),
(3098, 38, 54, 126, 82, 7, '9.5', 0),
(3099, 38, 54, 126, 84, 7, '9.5', 0),
(3100, 38, 54, 126, 85, 7, '9.5', 0),
(3101, 38, 54, 126, 86, 7, '9.5', 0),
(3102, 38, 54, 126, 87, 7, '9.5', 0),
(3103, 38, 54, 126, 90, 7, '9.5', 0),
(3104, 38, 54, 126, 91, 7, '9.5', 0),
(3105, 38, 54, 126, 92, 7, '9.5', 0),
(3106, 38, 54, 126, 93, 7, '9.5', 0),
(3107, 38, 54, 126, 94, 7, '9.5', 0),
(3108, 38, 54, 126, 95, 7, '9.5', 0),
(3109, 38, 54, 126, 97, 7, '9.5', 0),
(3110, 38, 54, 126, 98, 7, '9.5', 0),
(3111, 38, 54, 126, 99, 7, '9.5', 0),
(3112, 38, 54, 126, 100, 7, '9.5', 0),
(3113, 38, 54, 126, 102, 7, '9.5', 0),
(3114, 38, 54, 126, 103, 7, '9.5', 0),
(3115, 38, 54, 126, 104, 7, '9.5', 0),
(3116, 38, 54, 126, 105, 7, '9.5', 0),
(3117, 38, 54, 126, 106, 7, '9.5', 0),
(3118, 38, 56, 126, 70, 8, '1.5', 0),
(3119, 38, 56, 126, 69, 8, '1.5', 0),
(3120, 38, 56, 126, 74, 8, '1.5', 0),
(3121, 38, 56, 126, 75, 8, '1.5', 0),
(3122, 38, 56, 126, 80, 8, '1.5', 0),
(3123, 38, 56, 126, 76, 8, '1.5', 0),
(3124, 38, 56, 126, 82, 8, '1.5', 0),
(3125, 38, 56, 126, 83, 8, '1.5', 0),
(3126, 38, 56, 126, 84, 8, '1.5', 0),
(3127, 38, 56, 126, 95, 8, '1.5', 0),
(3128, 38, 56, 126, 86, 8, '1.5', 0),
(3129, 38, 56, 126, 96, 8, '1.5', 0),
(3130, 38, 56, 126, 99, 8, '1.5', 0),
(3131, 38, 56, 126, 101, 8, '1.5', 0),
(3132, 38, 56, 126, 103, 8, '1.5', 0),
(3133, 38, 56, 126, 104, 8, '1.5', 0),
(3134, 38, 56, 126, 71, 4, '17.5', 0),
(3135, 38, 56, 126, 72, 4, '17.5', 0),
(3136, 38, 56, 126, 73, 4, '17.5', 0),
(3137, 38, 56, 126, 77, 4, '17.5', 0),
(3138, 38, 56, 126, 78, 4, '17.5', 0),
(3139, 38, 56, 126, 79, 4, '17.5', 0),
(3140, 38, 56, 126, 81, 4, '17.5', 0),
(3141, 38, 56, 126, 85, 4, '17.5', 0),
(3142, 38, 56, 126, 87, 4, '17.5', 0),
(3143, 38, 56, 126, 88, 4, '17.5', 0),
(3144, 38, 56, 126, 89, 4, '17.5', 0),
(3145, 38, 56, 126, 90, 4, '17.5', 0),
(3146, 38, 56, 126, 91, 4, '17.5', 0),
(3147, 38, 56, 126, 92, 4, '17.5', 0),
(3148, 38, 56, 126, 93, 4, '17.5', 0),
(3149, 38, 56, 126, 94, 4, '17.5', 0),
(3150, 38, 56, 126, 97, 4, '17.5', 0),
(3151, 38, 56, 126, 98, 4, '17.5', 0),
(3152, 38, 56, 126, 100, 4, '17.5', 0),
(3153, 38, 56, 126, 102, 4, '17.5', 0),
(3154, 38, 56, 126, 105, 4, '17.5', 0),
(3155, 38, 56, 126, 106, 4, '17.5', 0),
(3156, 38, 53, 126, 69, 10, '1.5', 0),
(3157, 38, 53, 126, 70, 10, '1.5', 0),
(3158, 38, 53, 126, 75, 10, '1.5', 0),
(3159, 38, 53, 126, 78, 10, '1.5', 0),
(3160, 38, 53, 126, 89, 10, '1.5', 0),
(3161, 38, 53, 126, 101, 10, '1.5', 0),
(3162, 38, 53, 126, 102, 10, '1.5', 0),
(3163, 38, 53, 126, 71, 7, '8', 0),
(3164, 38, 53, 126, 72, 5, '9.5', 0),
(3165, 38, 53, 126, 73, 5, '9.5', 0),
(3166, 38, 53, 126, 74, 5, '9.5', 0),
(3167, 38, 53, 126, 76, 5, '9.5', 0),
(3168, 38, 53, 126, 77, 5, '9.5', 0),
(3169, 38, 53, 126, 79, 5, '9.5', 0),
(3170, 38, 53, 126, 80, 5, '9.5', 0),
(3171, 38, 53, 126, 81, 5, '9.5', 0),
(3172, 38, 53, 126, 82, 5, '9.5', 0),
(3173, 38, 53, 126, 83, 5, '9.5', 0),
(3174, 38, 53, 126, 84, 5, '9.5', 0),
(3175, 38, 53, 126, 85, 5, '9.5', 0),
(3176, 38, 53, 126, 86, 5, '9.5', 0),
(3177, 38, 53, 126, 87, 5, '9.5', 0),
(3178, 38, 53, 126, 88, 5, '9.5', 0),
(3179, 38, 53, 126, 90, 5, '9.5', 0),
(3180, 38, 53, 126, 91, 5, '9.5', 0),
(3181, 38, 53, 126, 92, 5, '9.5', 0),
(3182, 38, 53, 126, 93, 5, '9.5', 0),
(3183, 38, 53, 126, 94, 5, '9.5', 0),
(3184, 38, 53, 126, 95, 5, '9.5', 0),
(3185, 38, 53, 126, 96, 5, '9.5', 0),
(3186, 38, 53, 126, 97, 5, '9.5', 0),
(3187, 38, 53, 126, 98, 5, '9.5', 0),
(3188, 38, 53, 126, 99, 5, '9.5', 0),
(3189, 38, 53, 126, 100, 5, '9.5', 0),
(3190, 38, 53, 126, 103, 5, '9.5', 0),
(3191, 38, 53, 126, 104, 5, '9.5', 0),
(3192, 38, 53, 126, 105, 5, '9.5', 0),
(3193, 38, 53, 126, 106, 5, '9.5', 0),
(3194, 38, 57, 126, 69, 10, '1.5', 0),
(3195, 38, 57, 126, 70, 10, '1.5', 0),
(3196, 38, 57, 126, 75, 10, '1.5', 0),
(3197, 38, 57, 126, 96, 10, '1.5', 0),
(3198, 38, 57, 126, 102, 10, '1.5', 0),
(3199, 38, 57, 126, 73, 8, '6.5', 0),
(3200, 38, 57, 126, 74, 8, '6.5', 0),
(3201, 38, 57, 126, 80, 8, '6.5', 0),
(3202, 38, 57, 126, 82, 8, '6.5', 0),
(3203, 38, 57, 126, 83, 8, '6.5', 0),
(3204, 38, 57, 126, 84, 8, '6.5', 0),
(3205, 38, 57, 126, 86, 8, '6.5', 0),
(3206, 38, 57, 126, 95, 8, '6.5', 0),
(3207, 38, 57, 126, 99, 8, '6.5', 0),
(3208, 38, 57, 126, 101, 8, '6.5', 0),
(3209, 38, 57, 126, 103, 8, '6.5', 0),
(3210, 38, 57, 126, 104, 8, '6.5', 0),
(3211, 38, 57, 126, 71, 4, '18.5', 0),
(3212, 38, 57, 126, 72, 4, '18.5', 0),
(3213, 38, 57, 126, 76, 4, '18.5', 0),
(3214, 38, 57, 126, 77, 4, '18.5', 0),
(3215, 38, 57, 126, 78, 4, '18.5', 0),
(3216, 38, 57, 126, 79, 4, '18.5', 0),
(3217, 38, 57, 126, 81, 4, '18.5', 0),
(3218, 38, 57, 126, 85, 4, '18.5', 0),
(3219, 38, 57, 126, 87, 4, '18.5', 0),
(3220, 38, 57, 126, 88, 4, '18.5', 0),
(3221, 38, 57, 126, 89, 4, '18.5', 0),
(3222, 38, 57, 126, 90, 4, '18.5', 0),
(3223, 38, 57, 126, 91, 4, '18.5', 0),
(3224, 38, 57, 126, 92, 4, '18.5', 0),
(3225, 38, 57, 126, 93, 4, '18.5', 0),
(3226, 38, 57, 126, 94, 4, '18.5', 0),
(3227, 38, 57, 126, 97, 4, '18.5', 0),
(3228, 38, 57, 126, 98, 4, '18.5', 0),
(3229, 38, 57, 126, 100, 4, '18.5', 0),
(3230, 38, 57, 126, 105, 4, '18.5', 0),
(3231, 38, 57, 126, 106, 4, '18.5', 0),
(3232, 38, 55, 115, 83, 10, '1', 0),
(3233, 38, 55, 115, 70, 9, '2.5', 0),
(3234, 38, 55, 115, 84, 9, '2.5', 0),
(3235, 38, 55, 115, 96, 9, '2.5', 0),
(3236, 38, 55, 115, 82, 8, '5.5', 0),
(3237, 38, 55, 115, 87, 8, '5.5', 0),
(3238, 38, 55, 115, 104, 8, '5.5', 0),
(3239, 38, 55, 115, 85, 7, '8.5', 0),
(3240, 38, 55, 115, 103, 7, '8.5', 0),
(3241, 38, 55, 115, 80, 6, '10.5', 0),
(3242, 38, 55, 115, 89, 6, '10.5', 0),
(3243, 38, 55, 115, 101, 6, '10.5', 0),
(3244, 38, 55, 115, 78, 5, '13.5', 0),
(3245, 38, 55, 115, 81, 5, '13.5', 0),
(3246, 38, 55, 115, 86, 5, '13.5', 0),
(3247, 38, 55, 115, 97, 5, '13.5', 0),
(3248, 38, 51, 115, 70, 10, '1.5', 0),
(3249, 38, 51, 115, 83, 10, '1.5', 0),
(3250, 38, 51, 115, 96, 10, '1.5', 0),
(3251, 38, 51, 115, 104, 10, '1.5', 0),
(3252, 38, 51, 115, 78, 9, '5.5', 0),
(3253, 38, 51, 115, 85, 9, '5.5', 0),
(3254, 38, 51, 115, 101, 9, '5.5', 0),
(3255, 38, 51, 115, 80, 8, '8.5', 0),
(3256, 38, 51, 115, 82, 8, '8.5', 0),
(3257, 38, 51, 115, 84, 8, '8.5', 0),
(3258, 38, 51, 115, 86, 8, '8.5', 0),
(3259, 38, 51, 115, 87, 8, '8.5', 0),
(3260, 38, 51, 115, 103, 8, '8.5', 0),
(3261, 38, 51, 115, 81, 7, '14.5', 0),
(3262, 38, 51, 115, 89, 7, '14.5', 0),
(3263, 38, 51, 115, 97, 7, '14.5', 0),
(3264, 38, 54, 115, 89, 9.5, '1', 0),
(3265, 38, 54, 115, 70, 9.2, '2', 0),
(3266, 38, 54, 115, 96, 9, '3', 0),
(3267, 38, 54, 115, 85, 8.9, '4', 0),
(3268, 38, 54, 115, 83, 8.8, '5', 0),
(3269, 38, 54, 115, 80, 8.5, '6.5', 0),
(3270, 38, 54, 115, 82, 8.5, '6.5', 0),
(3271, 38, 54, 115, 84, 8.5, '6.5', 0),
(3272, 38, 54, 115, 101, 8.5, '6.5', 0),
(3273, 38, 54, 115, 104, 8, '10', 0),
(3274, 38, 54, 115, 87, 7.9, '11', 0),
(3275, 38, 54, 115, 78, 7.5, '12.5', 0),
(3276, 38, 54, 115, 81, 7.5, '12.5', 0),
(3277, 38, 54, 115, 97, 7.5, '12.5', 0),
(3278, 38, 54, 115, 86, 7, '15.5', 0),
(3279, 38, 54, 115, 103, 7, '15.5', 0),
(3280, 38, 52, 115, 96, 9.5, '1', 0),
(3281, 38, 52, 115, 70, 9.3, '2', 0),
(3282, 38, 52, 115, 84, 9.2, '3', 0),
(3283, 38, 52, 115, 82, 9, '4.5', 0),
(3284, 38, 52, 115, 83, 9, '4.5', 0),
(3285, 38, 52, 115, 85, 8, '6.5', 0),
(3286, 38, 52, 115, 101, 8, '6.5', 0),
(3287, 38, 52, 115, 104, 8, '6.5', 0),
(3288, 38, 52, 115, 78, 7, '9.5', 0),
(3289, 38, 52, 115, 87, 7, '9.5', 0),
(3290, 38, 52, 115, 89, 7, '9.5', 0),
(3291, 38, 52, 115, 80, 6, '12.5', 0),
(3292, 38, 52, 115, 81, 6, '12.5', 0),
(3293, 38, 52, 115, 86, 6, '12.5', 0),
(3294, 38, 52, 115, 97, 6, '12.5', 0),
(3295, 38, 52, 115, 103, 6, '12.5', 0),
(3296, 38, 53, 115, 83, 10, '1', 0),
(3297, 38, 53, 115, 80, 8, '2.5', 0),
(3298, 38, 53, 115, 85, 8, '2.5', 0),
(3299, 38, 53, 115, 89, 8, '2.5', 0),
(3300, 38, 53, 115, 96, 8, '2.5', 0),
(3301, 38, 53, 115, 101, 8, '2.5', 0),
(3302, 38, 53, 115, 70, 7, '7.5', 0),
(3303, 38, 53, 115, 87, 7, '7.5', 0),
(3304, 38, 53, 115, 103, 7, '7.5', 0),
(3305, 38, 53, 115, 104, 7, '7.5', 0),
(3306, 38, 53, 115, 78, 6, '11.5', 0),
(3307, 38, 53, 115, 82, 6, '11.5', 0),
(3308, 38, 53, 115, 84, 6, '11.5', 0),
(3309, 38, 53, 115, 97, 6, '11.5', 0),
(3310, 38, 53, 115, 86, 5, '15', 0),
(3311, 38, 53, 115, 81, 2, '16', 0),
(3312, 38, 56, 115, 70, 10, '1.5', 0),
(3313, 38, 56, 115, 83, 10, '1.5', 0),
(3314, 38, 56, 115, 84, 10, '1.5', 0),
(3315, 38, 56, 115, 96, 10, '1.5', 0),
(3316, 38, 56, 115, 101, 10, '1.5', 0),
(3317, 38, 56, 115, 104, 10, '1.5', 0),
(3318, 38, 56, 115, 78, 3, '7.5', 0),
(3319, 38, 56, 115, 80, 3, '7.5', 0),
(3320, 38, 56, 115, 81, 3, '7.5', 0),
(3321, 38, 56, 115, 82, 3, '7.5', 0),
(3322, 38, 56, 115, 85, 3, '7.5', 0),
(3323, 38, 56, 115, 86, 3, '7.5', 0),
(3324, 38, 56, 115, 87, 3, '7.5', 0),
(3325, 38, 56, 115, 89, 3, '7.5', 0),
(3326, 38, 56, 115, 97, 3, '7.5', 0),
(3327, 38, 56, 115, 103, 3, '7.5', 0),
(3328, 38, 57, 115, 70, 10, '1.5', 0),
(3329, 38, 57, 115, 83, 10, '1.5', 0),
(3330, 38, 57, 115, 84, 10, '1.5', 0),
(3331, 38, 57, 115, 96, 10, '1.5', 0),
(3332, 38, 57, 115, 101, 10, '1.5', 0),
(3333, 38, 57, 115, 89, 7, '6', 0),
(3334, 38, 57, 115, 78, 3, '7.5', 0),
(3335, 38, 57, 115, 80, 3, '7.5', 0),
(3336, 38, 57, 115, 81, 3, '7.5', 0),
(3337, 38, 57, 115, 82, 3, '7.5', 0),
(3338, 38, 57, 115, 85, 3, '7.5', 0),
(3339, 38, 57, 115, 86, 3, '7.5', 0),
(3340, 38, 57, 115, 87, 3, '7.5', 0),
(3341, 38, 57, 115, 97, 3, '7.5', 0),
(3342, 38, 57, 115, 103, 3, '7.5', 0),
(3343, 38, 57, 115, 104, 3, '7.5', 0),
(3344, 38, 51, 116, 70, 10, '1.5', 0),
(3345, 38, 51, 116, 83, 10, '1.5', 0),
(3346, 38, 51, 116, 78, 9, '3.5', 0),
(3347, 38, 51, 116, 87, 9, '3.5', 0),
(3348, 38, 51, 116, 89, 9, '3.5', 0),
(3349, 38, 51, 116, 104, 9, '3.5', 0),
(3350, 38, 51, 116, 82, 8, '7.5', 0),
(3351, 38, 51, 116, 84, 8, '7.5', 0),
(3352, 38, 51, 116, 85, 8, '7.5', 0),
(3353, 38, 51, 116, 96, 8, '7.5', 0),
(3354, 38, 51, 116, 101, 8, '7.5', 0),
(3355, 38, 51, 116, 80, 7, '12.5', 0),
(3356, 38, 51, 116, 81, 7, '12.5', 0),
(3357, 38, 51, 116, 86, 7, '12.5', 0),
(3358, 38, 51, 116, 97, 7, '12.5', 0),
(3359, 38, 51, 116, 103, 7, '12.5', 0),
(3360, 38, 55, 116, 83, 10, '1', 0),
(3361, 38, 55, 116, 70, 9.5, '2', 0),
(3362, 38, 55, 116, 96, 8.5, '3', 0),
(3363, 38, 55, 116, 80, 8, '4.5', 0),
(3364, 38, 55, 116, 103, 8, '4.5', 0),
(3365, 38, 55, 116, 84, 7, '6.5', 0),
(3366, 38, 55, 116, 104, 7, '6.5', 0),
(3367, 38, 55, 116, 87, 6.5, '8.5', 0),
(3368, 38, 55, 116, 101, 6.5, '8.5', 0),
(3369, 38, 55, 116, 82, 6, '10', 0),
(3370, 38, 55, 116, 89, 5.5, '11', 0),
(3371, 38, 55, 116, 78, 5, '12.5', 0),
(3372, 38, 55, 116, 81, 5, '12.5', 0),
(3373, 38, 55, 116, 85, 5, '12.5', 0),
(3374, 38, 55, 116, 86, 5, '12.5', 0),
(3375, 38, 55, 116, 97, 5, '12.5', 0),
(3376, 38, 54, 116, 83, 9.5, '1', 0),
(3377, 38, 54, 116, 70, 9, '2.5', 0),
(3378, 38, 54, 116, 84, 9, '2.5', 0),
(3379, 38, 54, 116, 101, 9, '2.5', 0),
(3380, 38, 54, 116, 89, 8.5, '5.5', 0),
(3381, 38, 54, 116, 96, 8.5, '5.5', 0),
(3382, 38, 54, 116, 80, 8, '7.5', 0),
(3383, 38, 54, 116, 85, 8, '7.5', 0),
(3384, 38, 54, 116, 78, 7.8, '9.5', 0),
(3385, 38, 54, 116, 97, 7.8, '9.5', 0),
(3386, 38, 54, 116, 82, 7.5, '11', 0),
(3387, 38, 54, 116, 87, 7, '12', 0),
(3388, 38, 54, 116, 104, 6.8, '13', 0),
(3389, 38, 54, 116, 103, 6.5, '14', 0),
(3390, 38, 54, 116, 81, 6.2, '15', 0),
(3391, 38, 54, 116, 86, 6, '16', 0),
(3392, 38, 56, 116, 83, 10, '1.5', 0),
(3393, 38, 56, 116, 104, 10, '1.5', 0),
(3394, 38, 56, 116, 70, 8, '3.5', 0),
(3395, 38, 56, 116, 84, 8, '3.5', 0),
(3396, 38, 56, 116, 96, 5, '5.5', 0),
(3397, 38, 56, 116, 101, 5, '5.5', 0),
(3398, 38, 56, 116, 78, 3, '7.5', 0),
(3399, 38, 56, 116, 80, 3, '7.5', 0),
(3400, 38, 56, 116, 81, 3, '7.5', 0),
(3401, 38, 56, 116, 82, 3, '7.5', 0),
(3402, 38, 56, 116, 85, 3, '7.5', 0),
(3403, 38, 56, 116, 86, 3, '7.5', 0),
(3404, 38, 56, 116, 87, 3, '7.5', 0),
(3405, 38, 56, 116, 89, 3, '7.5', 0),
(3406, 38, 56, 116, 97, 3, '7.5', 0),
(3407, 38, 56, 116, 103, 3, '7.5', 0),
(3408, 38, 57, 116, 70, 10, '1.5', 0),
(3409, 38, 57, 116, 83, 10, '1.5', 0),
(3410, 38, 57, 116, 84, 10, '1.5', 0),
(3411, 38, 57, 116, 96, 10, '1.5', 0),
(3412, 38, 57, 116, 101, 10, '1.5', 0),
(3413, 38, 57, 116, 78, 5, '6.5', 0),
(3414, 38, 57, 116, 80, 5, '6.5', 0),
(3415, 38, 57, 116, 81, 5, '6.5', 0),
(3416, 38, 57, 116, 82, 5, '6.5', 0),
(3417, 38, 57, 116, 85, 5, '6.5', 0),
(3418, 38, 57, 116, 86, 5, '6.5', 0),
(3419, 38, 57, 116, 87, 5, '6.5', 0),
(3420, 38, 57, 116, 89, 5, '6.5', 0),
(3421, 38, 57, 116, 97, 5, '6.5', 0),
(3422, 38, 57, 116, 103, 5, '6.5', 0),
(3423, 38, 57, 116, 104, 5, '6.5', 0),
(3424, 38, 52, 116, 70, 9.5, '1.5', 0),
(3425, 38, 52, 116, 83, 9.5, '1.5', 0),
(3426, 38, 52, 116, 96, 9.2, '3', 0),
(3427, 38, 52, 116, 84, 9, '4', 0),
(3428, 38, 52, 116, 82, 8, '5.5', 0),
(3429, 38, 52, 116, 87, 8, '5.5', 0),
(3430, 38, 52, 116, 101, 8, '5.5', 0),
(3431, 38, 52, 116, 104, 8, '5.5', 0),
(3432, 38, 52, 116, 78, 7, '9.5', 0),
(3433, 38, 52, 116, 85, 7, '9.5', 0),
(3434, 38, 52, 116, 89, 7, '9.5', 0),
(3435, 38, 52, 116, 80, 6, '12.5', 0),
(3436, 38, 52, 116, 81, 6, '12.5', 0),
(3437, 38, 52, 116, 86, 6, '12.5', 0),
(3438, 38, 52, 116, 97, 6, '12.5', 0),
(3439, 38, 52, 116, 103, 6, '12.5', 0),
(3440, 38, 53, 116, 83, 10, '1', 0),
(3441, 38, 53, 116, 80, 9, '2.5', 0),
(3442, 38, 53, 116, 89, 9, '2.5', 0),
(3443, 38, 53, 116, 84, 8, '4.5', 0),
(3444, 38, 53, 116, 85, 8, '4.5', 0),
(3445, 38, 53, 116, 104, 8, '4.5', 0),
(3446, 38, 53, 116, 87, 7, '7.5', 0),
(3447, 38, 53, 116, 96, 7, '7.5', 0),
(3448, 38, 53, 116, 97, 7, '7.5', 0),
(3449, 38, 53, 116, 101, 7, '7.5', 0),
(3450, 38, 53, 116, 70, 6, '11.5', 0),
(3451, 38, 53, 116, 86, 6, '11.5', 0),
(3452, 38, 53, 116, 103, 6, '11.5', 0),
(3453, 38, 53, 116, 78, 5, '14.5', 0),
(3454, 38, 53, 116, 81, 5, '14.5', 0),
(3455, 38, 53, 116, 82, 5, '14.5', 0),
(3456, 38, 51, 118, 70, 30, '1.5', 0),
(3457, 38, 51, 118, 96, 30, '1.5', 0),
(3458, 38, 51, 118, 101, 28, '3', 0),
(3459, 38, 51, 118, 83, 25, '4.5', 0),
(3460, 38, 51, 118, 84, 25, '4.5', 0),
(3461, 38, 55, 118, 84, 30, '1', 0),
(3462, 38, 55, 118, 101, 29, '2', 0),
(3463, 38, 55, 118, 83, 28, '3', 0),
(3464, 38, 55, 118, 70, 27, '4', 0),
(3465, 38, 55, 118, 96, 25, '5', 0),
(3471, 38, 52, 118, 101, 30, '1', 0),
(3472, 38, 52, 118, 70, 25, '2.5', 0),
(3473, 38, 52, 118, 96, 25, '2.5', 0),
(3474, 38, 52, 118, 83, 23, '4', 0),
(3475, 38, 52, 118, 84, 19, '5', 0),
(3476, 38, 53, 118, 83, 30, '1', 0),
(3477, 38, 53, 118, 101, 29, '2', 0),
(3478, 38, 53, 118, 84, 28, '3', 0),
(3479, 38, 53, 118, 70, 15, '4.5', 0),
(3480, 38, 53, 118, 96, 15, '4.5', 0),
(3481, 38, 54, 118, 84, 25, '1', 0),
(3482, 38, 54, 118, 101, 24, '2', 0),
(3483, 38, 54, 118, 70, 23, '3', 0),
(3484, 38, 54, 118, 96, 20, '4.5', 0),
(3485, 38, 54, 118, 83, 20, '4.5', 0),
(3486, 38, 56, 118, 101, 30, '1', 0),
(3487, 38, 56, 118, 83, 25, '2', 0),
(3488, 38, 56, 118, 70, 20, '3', 0),
(3489, 38, 56, 118, 84, 5, '4.5', 0),
(3490, 38, 56, 118, 96, 5, '4.5', 0),
(3491, 38, 57, 118, 70, 30, '1.5', 0),
(3492, 38, 57, 118, 83, 30, '1.5', 0),
(3493, 38, 57, 118, 101, 30, '1.5', 0),
(3494, 38, 57, 118, 84, 5, '4.5', 0),
(3495, 38, 57, 118, 96, 5, '4.5', 0),
(3496, 38, 54, 117, 83, 40, '1.5', 0),
(3497, 38, 54, 117, 96, 40, '1.5', 0),
(3498, 38, 54, 117, 70, 35, '3.5', 0),
(3499, 38, 54, 117, 84, 35, '3.5', 0),
(3500, 38, 54, 117, 101, 30, '5', 0),
(3501, 38, 52, 117, 70, 40, '1.5', 0),
(3502, 38, 52, 117, 83, 40, '1.5', 0),
(3503, 38, 52, 117, 84, 40, '1.5', 0),
(3504, 38, 52, 117, 101, 40, '1.5', 0),
(3505, 38, 52, 117, 96, 40, '1.5', 0),
(3506, 38, 56, 117, 70, 40, '1.5', 0),
(3507, 38, 56, 117, 83, 40, '1.5', 0),
(3508, 38, 56, 117, 101, 40, '1.5', 0),
(3509, 38, 56, 117, 84, 10, '4.5', 0),
(3510, 38, 56, 117, 96, 10, '4.5', 0),
(3511, 38, 55, 117, 101, 40, '1', 0),
(3512, 38, 55, 117, 83, 39, '2', 0),
(3513, 38, 55, 117, 70, 38, '3', 0),
(3514, 38, 55, 117, 84, 35, '4.5', 0),
(3515, 38, 55, 117, 96, 35, '4.5', 0),
(3516, 38, 57, 117, 70, 30, '1.5', 0),
(3517, 38, 57, 117, 83, 30, '1.5', 0),
(3518, 38, 57, 117, 101, 30, '1.5', 0),
(3519, 38, 57, 117, 96, 10, '4', 0),
(3520, 38, 57, 117, 84, 5, '5', 0),
(3521, 38, 53, 117, 101, 35, '2', 0),
(3522, 38, 53, 117, 83, 40, '1', 0),
(3523, 38, 53, 117, 96, 34, '3', 0),
(3524, 38, 53, 117, 84, 33, '4', 0),
(3525, 38, 53, 117, 70, 20, '5', 0),
(3526, 38, 51, 117, 70, 40, '1.5', 0),
(3527, 38, 51, 117, 83, 40, '1.5', 0),
(3528, 38, 51, 117, 84, 35, '3.5', 0),
(3529, 38, 51, 117, 96, 35, '3.5', 0),
(3530, 38, 51, 117, 101, 35, '3.5', 0),
(3531, 38, 56, 119, 70, 20, '1.5', 0),
(3532, 38, 56, 119, 83, 20, '1.5', 0),
(3533, 38, 56, 119, 84, 10, '4.5', 0),
(3534, 38, 56, 119, 101, 20, '1.5', 0),
(3535, 38, 56, 119, 96, 10, '4.5', 0),
(3536, 38, 54, 119, 84, 19, '1.5', 0),
(3537, 38, 54, 119, 96, 19, '1.5', 0),
(3538, 38, 54, 119, 70, 18, '3.5', 0),
(3539, 38, 54, 119, 101, 18, '3.5', 0),
(3540, 38, 54, 119, 83, 17, '5', 0),
(3541, 38, 51, 119, 84, 20, '1.5', 0),
(3542, 38, 51, 119, 70, 20, '1.5', 0),
(3543, 38, 51, 119, 83, 19, '3.5', 0),
(3544, 38, 51, 119, 101, 19, '3.5', 0),
(3545, 38, 51, 119, 96, 18, '5', 0),
(3546, 38, 55, 119, 83, 19.5, '2', 0),
(3547, 38, 55, 119, 101, 20, '1', 0),
(3548, 38, 55, 119, 96, 16, '5', 0),
(3549, 38, 55, 119, 70, 19, '3', 0),
(3550, 38, 55, 119, 84, 17, '4', 0),
(3551, 38, 53, 119, 83, 20, '1', 0),
(3552, 38, 53, 119, 101, 18, '2', 0),
(3553, 38, 53, 119, 70, 15, '3.5', 0),
(3554, 38, 53, 119, 84, 15, '3.5', 0),
(3555, 38, 53, 119, 96, 15, '3.5', 0),
(3556, 38, 57, 119, 83, 20, '1.5', 0),
(3557, 38, 57, 119, 70, 20, '1.5', 0),
(3558, 38, 57, 119, 84, 10, '4.5', 0),
(3559, 38, 57, 119, 101, 20, '1.5', 0),
(3560, 38, 57, 119, 96, 10, '4.5', 0),
(3561, 38, 52, 119, 70, 19, '2', 0),
(3562, 38, 52, 119, 101, 20, '1', 0),
(3563, 38, 52, 119, 83, 18, '3.5', 0),
(3564, 38, 52, 119, 84, 18, '3.5', 0),
(3565, 38, 52, 119, 96, 10, '5', 0),
(3566, 38, 51, 120, 70, 10, '1.5', 0),
(3567, 38, 51, 120, 83, 10, '1.5', 0),
(3568, 38, 51, 120, 84, 10, '1.5', 0),
(3569, 38, 51, 120, 96, 10, '1.5', 0),
(3570, 38, 51, 120, 101, 10, '1.5', 0),
(3571, 38, 54, 120, 84, 9.5, '1', 0),
(3572, 38, 54, 120, 96, 9, '2.5', 0),
(3573, 38, 54, 120, 101, 9, '2.5', 0),
(3574, 38, 54, 120, 83, 7.5, '5', 0),
(3575, 38, 54, 120, 70, 8, '4', 0),
(3576, 38, 56, 120, 70, 10, '1.5', 0),
(3577, 38, 56, 120, 83, 10, '1.5', 0),
(3578, 38, 56, 120, 101, 10, '1.5', 0),
(3579, 38, 56, 120, 96, 5, '4.5', 0),
(3580, 38, 56, 120, 84, 5, '4.5', 0),
(3581, 38, 55, 120, 83, 10, '1.5', 0),
(3582, 38, 55, 120, 70, 10, '1.5', 0),
(3583, 38, 55, 120, 96, 9, '4.5', 0),
(3584, 38, 55, 120, 84, 9, '4.5', 0),
(3585, 38, 55, 120, 101, 9.5, '3', 0),
(3586, 38, 57, 120, 70, 10, '1.5', 0),
(3587, 38, 57, 120, 83, 10, '1.5', 0),
(3588, 38, 57, 120, 101, 10, '1.5', 0),
(3589, 38, 57, 120, 84, 5, '4.5', 0),
(3590, 38, 57, 120, 96, 5, '4.5', 0),
(3591, 38, 53, 120, 101, 9, '2', 0),
(3592, 38, 53, 120, 83, 10, '1', 0),
(3593, 38, 53, 120, 96, 7, '3', 0),
(3594, 38, 53, 120, 84, 6, '4', 0),
(3595, 38, 53, 120, 70, 5, '5', 0),
(3596, 38, 52, 120, 70, 10, '1.5', 0),
(3597, 38, 52, 120, 101, 10, '1.5', 0),
(3598, 38, 52, 120, 84, 9, '3.5', 0),
(3599, 38, 52, 120, 83, 9, '3.5', 0),
(3600, 38, 52, 120, 96, 7, '5', 0),
(3601, 38, 51, 122, 70, 40, '1', 0),
(3602, 38, 51, 122, 83, 30, '2.5', 0),
(3603, 38, 51, 122, 101, 30, '2.5', 0),
(3604, 38, 55, 122, 83, 38, '1', 0),
(3605, 38, 55, 122, 70, 37, '2', 0),
(3606, 38, 55, 122, 101, 34, '3', 0),
(3607, 38, 54, 122, 101, 27, '2', 0),
(3608, 38, 54, 122, 70, 35, '1', 0),
(3609, 38, 54, 122, 83, 25, '3', 0),
(3610, 38, 53, 122, 83, 40, '1', 0),
(3611, 38, 53, 122, 70, 39, '2.5', 0),
(3612, 38, 53, 122, 101, 39, '2.5', 0),
(3613, 38, 56, 122, 101, 35, '1', 0),
(3614, 38, 56, 122, 83, 30, '2', 0),
(3615, 38, 56, 122, 70, 20, '3', 0),
(3616, 38, 52, 122, 101, 40, '1', 0),
(3617, 38, 52, 122, 70, 39, '2', 0),
(3618, 38, 52, 122, 83, 35, '3', 0),
(3619, 38, 57, 122, 101, 40, '1', 0),
(3620, 38, 57, 122, 83, 35, '2', 0),
(3621, 38, 57, 122, 70, 30, '3', 0),
(3622, 38, 54, 121, 83, 60, '1', 0),
(3623, 38, 54, 121, 70, 55, '2.5', 0),
(3624, 38, 54, 121, 101, 55, '2.5', 0),
(3625, 38, 51, 121, 70, 60, '1.5', 0),
(3626, 38, 51, 121, 83, 60, '1.5', 0),
(3627, 38, 51, 121, 101, 60, '1.5', 0),
(3628, 38, 52, 121, 70, 60, '1.5', 0),
(3629, 38, 52, 121, 83, 60, '1.5', 0),
(3630, 38, 52, 121, 101, 60, '1.5', 0),
(3631, 38, 53, 121, 83, 60, '1', 0),
(3632, 38, 53, 121, 101, 55, '2', 0),
(3633, 38, 53, 121, 70, 50, '3', 0),
(3634, 38, 55, 121, 83, 60, '1', 0),
(3635, 38, 55, 121, 70, 59, '2', 0),
(3636, 38, 55, 121, 101, 58, '3', 0),
(3637, 38, 56, 121, 101, 60, '1', 0),
(3638, 38, 56, 121, 83, 40, '2', 0),
(3639, 38, 56, 121, 70, 20, '3', 0),
(3640, 38, 57, 121, 101, 60, '1', 0),
(3641, 38, 57, 121, 83, 50, '2', 0),
(3642, 38, 57, 121, 70, 40, '3', 0),
(3713, 49, 58, 132, 202, 20, '1', 0),
(3714, 49, 58, 132, 203, 19, '2.5', 0),
(3715, 49, 58, 132, 205, 18, '4.5', 0),
(3716, 49, 58, 132, 207, 19, '2.5', 0),
(3717, 49, 58, 132, 200, 18, '4.5', 0),
(3718, 49, 58, 132, 208, 18, '4.5', 0),
(3719, 49, 58, 132, 204, 17, '7', 0),
(3720, 49, 58, 132, 199, 16, '8.5', 0),
(3721, 49, 58, 132, 206, 16, '8.5', 0),
(3722, 49, 58, 132, 201, 16, '8.5', 0),
(3723, 49, 61, 132, 204, 19, '2.5', 0),
(3724, 49, 61, 132, 202, 20, '1', 0),
(3725, 49, 61, 132, 207, 19, '2.5', 0),
(3726, 49, 61, 132, 200, 18, '4', 0),
(3727, 49, 61, 132, 205, 17.5, '5', 0),
(3728, 49, 61, 132, 203, 17, '6', 0),
(3729, 49, 61, 132, 201, 16, '7.5', 0),
(3730, 49, 61, 132, 206, 16, '7.5', 0),
(3731, 49, 61, 132, 199, 15.5, '10', 0),
(3732, 49, 61, 132, 208, 16, '7.5', 0),
(3733, 49, 60, 132, 204, 19, '1.5', 0),
(3734, 49, 60, 132, 202, 19, '1.5', 0),
(3735, 49, 60, 132, 208, 16, '5.5', 0),
(3736, 49, 60, 132, 205, 16, '5.5', 0),
(3737, 49, 60, 132, 206, 19, '1.5', 0),
(3738, 49, 60, 132, 207, 19, '1.5', 0),
(3739, 49, 60, 132, 200, 15, '7', 0),
(3740, 49, 60, 132, 203, 14, '8', 0),
(3741, 49, 60, 132, 199, 10, '9', 0),
(3742, 49, 60, 132, 201, 8, '10', 0),
(3743, 49, 62, 132, 202, 19, '1', 0),
(3744, 49, 62, 132, 200, 18, '2.5', 0),
(3745, 49, 62, 132, 204, 18, '2.5', 0),
(3746, 49, 62, 132, 205, 18, '2.5', 0),
(3747, 49, 62, 132, 201, 17, '6.5', 0),
(3748, 49, 62, 132, 207, 18, '2.5', 0),
(3749, 49, 62, 132, 203, 17, '6.5', 0),
(3750, 49, 62, 132, 206, 17, '6.5', 0),
(3751, 49, 62, 132, 208, 17, '6.5', 0),
(3752, 49, 62, 132, 199, 16, '10', 0),
(3753, 49, 59, 132, 200, 19, '1.5', 0),
(3754, 49, 59, 132, 202, 19, '1.5', 0),
(3755, 49, 59, 132, 207, 19, '1.5', 0),
(3756, 49, 59, 132, 205, 18, '4.5', 0),
(3757, 49, 59, 132, 204, 18, '4.5', 0),
(3758, 49, 59, 132, 203, 18, '4.5', 0),
(3759, 49, 59, 132, 201, 17, '7.5', 0),
(3760, 49, 59, 132, 208, 17, '7.5', 0),
(3761, 49, 59, 132, 206, 17, '7.5', 0),
(3762, 49, 59, 132, 199, 16, '10', 0),
(3763, 49, 59, 133, 202, 22, '2.5', 0),
(3764, 49, 59, 133, 200, 24, '1', 0),
(3765, 49, 59, 133, 203, 22, '2.5', 0),
(3766, 49, 59, 133, 207, 22, '2.5', 0),
(3767, 49, 59, 133, 199, 21, '5.5', 0),
(3768, 49, 59, 133, 201, 21, '5.5', 0),
(3769, 49, 59, 133, 205, 21, '5.5', 0),
(3770, 49, 59, 133, 204, 21, '5.5', 0),
(3771, 49, 59, 133, 208, 21, '5.5', 0),
(3772, 49, 59, 133, 206, 21, '5.5', 0),
(3773, 49, 58, 133, 202, 24, '1', 0),
(3774, 49, 58, 133, 200, 23, '2.5', 0),
(3775, 49, 58, 133, 205, 23, '2.5', 0),
(3776, 49, 58, 133, 203, 23, '2.5', 0),
(3777, 49, 58, 133, 207, 23, '2.5', 0),
(3778, 49, 58, 133, 204, 22, '6.5', 0),
(3779, 49, 58, 133, 208, 22, '6.5', 0),
(3780, 49, 58, 133, 201, 21, '8.5', 0),
(3781, 49, 58, 133, 206, 21, '8.5', 0),
(3782, 49, 58, 133, 199, 20, '10', 0),
(3783, 49, 62, 133, 202, 24, '1', 0),
(3784, 49, 62, 133, 207, 23, '2', 0),
(3785, 49, 62, 133, 200, 21, '4.5', 0),
(3786, 49, 62, 133, 205, 22, '3', 0),
(3787, 49, 62, 133, 204, 21, '4.5', 0),
(3788, 49, 62, 133, 201, 21, '4.5', 0),
(3789, 49, 62, 133, 206, 21, '4.5', 0),
(3790, 49, 62, 133, 208, 21, '4.5', 0),
(3791, 49, 62, 133, 199, 20, '9.5', 0),
(3792, 49, 62, 133, 203, 20, '9.5', 0),
(3793, 49, 59, 134, 200, 24, '1', 0),
(3794, 49, 59, 134, 202, 23, '2.5', 0),
(3795, 49, 59, 134, 208, 22, '5', 0),
(3796, 49, 59, 134, 204, 23, '2.5', 0),
(3797, 49, 59, 134, 199, 21, '6.5', 0),
(3798, 49, 59, 134, 203, 23, '2.5', 0),
(3799, 49, 59, 134, 201, 21, '6.5', 0),
(3800, 49, 59, 134, 205, 21, '6.5', 0),
(3801, 49, 59, 134, 206, 21, '6.5', 0),
(3802, 49, 59, 134, 207, 21, '6.5', 0),
(3803, 49, 62, 134, 202, 23, '1', 0),
(3804, 49, 62, 134, 200, 22, '2.5', 0),
(3805, 49, 62, 134, 203, 21, '5.5', 0),
(3806, 49, 62, 134, 207, 22, '2.5', 0),
(3807, 49, 62, 134, 205, 22, '2.5', 0),
(3808, 49, 62, 134, 201, 21, '5.5', 0),
(3809, 49, 62, 134, 204, 21, '5.5', 0),
(3810, 49, 62, 134, 206, 21, '5.5', 0),
(3811, 49, 62, 134, 208, 21, '5.5', 0),
(3812, 49, 62, 134, 199, 20, '10', 0),
(3813, 49, 58, 134, 202, 24, '1.5', 0),
(3814, 49, 58, 134, 203, 24, '1.5', 0),
(3815, 49, 58, 134, 200, 23, '3.5', 0),
(3816, 49, 58, 134, 205, 23, '3.5', 0),
(3817, 49, 58, 134, 207, 22, '5.5', 0),
(3818, 49, 58, 134, 204, 22, '5.5', 0),
(3819, 49, 58, 134, 208, 22, '5.5', 0),
(3820, 49, 58, 134, 199, 21, '8.5', 0),
(3821, 49, 58, 134, 206, 21, '8.5', 0),
(3822, 49, 58, 134, 201, 20, '10', 0),
(3823, 49, 60, 133, 207, 24, '1.5', 0),
(3824, 49, 60, 133, 204, 24, '1.5', 0),
(3825, 49, 60, 133, 206, 23, '3.5', 0),
(3826, 49, 60, 133, 202, 23, '3.5', 0),
(3827, 49, 60, 133, 205, 22, '5', 0),
(3828, 49, 60, 133, 200, 20, '6', 0),
(3829, 49, 60, 133, 208, 19, '7', 0),
(3830, 49, 60, 133, 203, 18, '8', 0),
(3831, 49, 60, 133, 199, 12, '9', 0),
(3832, 49, 60, 133, 201, 10, '10', 0),
(3833, 49, 61, 133, 202, 24, '1', 0),
(3834, 49, 61, 133, 200, 23, '2.5', 0),
(3835, 49, 61, 133, 204, 23, '2.5', 0),
(3836, 49, 61, 133, 207, 23, '2.5', 0),
(3837, 49, 61, 133, 205, 22.5, '5', 0),
(3838, 49, 61, 133, 203, 22, '6.5', 0),
(3839, 49, 61, 133, 206, 22, '6.5', 0),
(3840, 49, 61, 133, 208, 21.5, '8', 0),
(3841, 49, 61, 133, 199, 21, '9.5', 0),
(3842, 49, 61, 133, 201, 21, '9.5', 0),
(3843, 49, 60, 134, 202, 24, '1.5', 0),
(3844, 49, 60, 134, 204, 24, '1.5', 0),
(3845, 49, 60, 134, 207, 24, '1.5', 0),
(3846, 49, 60, 134, 206, 23, '4', 0),
(3847, 49, 60, 134, 205, 22, '5', 0),
(3848, 49, 60, 134, 200, 20, '6', 0),
(3849, 49, 60, 134, 208, 19, '7', 0),
(3850, 49, 60, 134, 203, 18, '8', 0),
(3851, 49, 60, 134, 199, 12, '9', 0),
(3852, 49, 60, 134, 201, 10, '10', 0),
(3853, 49, 61, 134, 207, 24, '1.5', 0),
(3854, 49, 61, 134, 202, 24, '1.5', 0),
(3855, 49, 61, 134, 200, 23, '3.5', 0),
(3856, 49, 61, 134, 204, 23, '3.5', 0),
(3857, 49, 61, 134, 205, 23, '3.5', 0),
(3858, 49, 61, 134, 203, 22, '6.5', 0),
(3859, 49, 61, 134, 208, 21.5, '8', 0),
(3860, 49, 61, 134, 206, 22, '6.5', 0),
(3861, 49, 61, 134, 201, 21, '9.5', 0),
(3862, 49, 61, 134, 199, 21, '9.5', 0),
(3863, 49, 62, 135, 202, 19, '1', 0),
(3864, 49, 62, 135, 200, 18, '2.5', 0),
(3865, 49, 62, 135, 208, 18, '2.5', 0),
(3866, 49, 62, 135, 205, 18, '2.5', 0),
(3867, 49, 62, 135, 204, 18, '2.5', 0),
(3868, 49, 62, 135, 207, 18, '2.5', 0),
(3869, 49, 62, 135, 201, 17, '7.5', 0),
(3870, 49, 62, 135, 203, 17, '7.5', 0),
(3871, 49, 62, 135, 206, 17, '7.5', 0),
(3872, 49, 62, 135, 199, 16, '10', 0),
(3873, 49, 60, 135, 202, 19, '2.5', 0),
(3874, 49, 60, 135, 207, 20, '1', 0),
(3875, 49, 60, 135, 204, 19, '2.5', 0),
(3876, 49, 60, 135, 206, 18, '4', 0),
(3877, 49, 60, 135, 208, 16, '5.5', 0),
(3878, 49, 60, 135, 205, 16, '5.5', 0),
(3879, 49, 60, 135, 200, 15, '7.5', 0),
(3880, 49, 60, 135, 203, 15, '7.5', 0),
(3881, 49, 60, 135, 199, 10, '9', 0),
(3882, 49, 60, 135, 201, 8, '10', 0),
(3883, 49, 59, 135, 200, 19, '1', 0),
(3884, 49, 59, 135, 202, 18.5, '2', 0),
(3885, 49, 59, 135, 203, 17.5, '4.5', 0),
(3886, 49, 59, 135, 199, 17, '6.5', 0),
(3887, 49, 59, 135, 206, 17.5, '4.5', 0),
(3888, 49, 59, 135, 208, 18, '3', 0),
(3889, 49, 59, 135, 201, 17, '6.5', 0),
(3890, 49, 59, 135, 204, 17, '6.5', 0),
(3891, 49, 59, 135, 205, 17, '6.5', 0),
(3892, 49, 59, 135, 207, 17, '6.5', 0),
(3893, 49, 61, 135, 207, 19, '1', 0),
(3894, 49, 61, 135, 200, 18, '2.5', 0),
(3895, 49, 61, 135, 204, 18, '2.5', 0),
(3896, 49, 61, 135, 208, 17, '6', 0),
(3897, 49, 61, 135, 202, 18, '2.5', 0),
(3898, 49, 61, 135, 205, 18, '2.5', 0),
(3899, 49, 61, 135, 201, 16, '7.5', 0),
(3900, 49, 61, 135, 203, 16, '7.5', 0),
(3901, 49, 61, 135, 199, 15.5, '10', 0),
(3902, 49, 61, 135, 206, 16, '7.5', 0),
(3903, 49, 58, 135, 200, 19, '1', 0),
(3904, 49, 58, 135, 202, 18, '2.5', 0),
(3905, 49, 58, 135, 203, 18, '2.5', 0),
(3906, 49, 58, 135, 201, 17, '4.5', 0),
(3907, 49, 58, 135, 199, 17, '4.5', 0),
(3908, 49, 58, 135, 204, 17, '4.5', 0),
(3909, 49, 58, 135, 205, 17, '4.5', 0),
(3910, 49, 58, 135, 207, 17, '4.5', 0),
(3911, 49, 58, 135, 206, 17, '4.5', 0),
(3912, 49, 58, 135, 208, 17, '4.5', 0),
(3913, 49, 62, 136, 202, 9, '1.5', 0),
(3914, 49, 62, 136, 207, 9, '1.5', 0),
(3915, 49, 62, 136, 201, 8, '3.5', 0),
(3916, 49, 62, 136, 200, 8, '3.5', 0),
(3917, 49, 62, 136, 205, 8, '3.5', 0),
(3918, 49, 62, 136, 204, 8, '3.5', 0),
(3919, 49, 62, 136, 208, 8, '3.5', 0),
(3920, 49, 62, 136, 199, 7, '8.5', 0),
(3921, 49, 62, 136, 203, 7, '8.5', 0),
(3922, 49, 62, 136, 206, 7, '8.5', 0),
(3923, 49, 60, 136, 207, 10, '1', 0),
(3924, 49, 60, 136, 204, 9, '2.5', 0),
(3925, 49, 60, 136, 202, 9, '2.5', 0),
(3926, 49, 60, 136, 206, 8, '5', 0),
(3927, 49, 60, 136, 205, 9, '2.5', 0),
(3928, 49, 60, 136, 200, 7, '6.5', 0),
(3929, 49, 60, 136, 203, 7, '6.5', 0),
(3930, 49, 60, 136, 208, 7, '6.5', 0),
(3931, 49, 60, 136, 199, 5, '9.5', 0),
(3932, 49, 60, 136, 201, 5, '9.5', 0),
(3933, 49, 59, 136, 200, 10, '1', 0),
(3934, 49, 59, 136, 202, 9.5, '2', 0),
(3935, 49, 59, 136, 206, 9, '3.5', 0),
(3936, 49, 59, 136, 203, 8.5, '5.5', 0),
(3937, 49, 59, 136, 205, 8.5, '5.5', 0),
(3938, 49, 59, 136, 207, 9, '3.5', 0),
(3939, 49, 59, 136, 199, 8, '7.5', 0),
(3940, 49, 59, 136, 201, 8, '7.5', 0),
(3941, 49, 59, 136, 204, 8, '7.5', 0),
(3942, 49, 59, 136, 208, 8, '7.5', 0),
(3943, 49, 58, 136, 201, 9, '1.5', 0),
(3944, 49, 58, 136, 200, 9, '1.5', 0),
(3945, 49, 58, 136, 202, 9, '1.5', 0),
(3946, 49, 58, 136, 203, 9, '1.5', 0),
(3947, 49, 58, 136, 204, 9, '1.5', 0),
(3948, 49, 58, 136, 205, 9, '1.5', 0),
(3949, 49, 58, 136, 206, 9, '1.5', 0),
(3950, 49, 58, 136, 207, 9, '1.5', 0),
(3951, 49, 58, 136, 208, 9, '1.5', 0),
(3952, 49, 58, 136, 199, 8, '10', 0),
(3953, 49, 61, 136, 202, 9, '1.5', 0),
(3954, 49, 61, 136, 200, 9, '1.5', 0),
(3955, 49, 61, 136, 204, 9, '1.5', 0),
(3956, 49, 61, 136, 205, 9, '1.5', 0),
(3957, 49, 61, 136, 207, 9, '1.5', 0),
(3958, 49, 61, 136, 201, 8, '6.5', 0),
(3959, 49, 61, 136, 203, 8, '6.5', 0),
(3960, 49, 61, 136, 206, 8, '6.5', 0),
(3961, 49, 61, 136, 199, 7, '9.5', 0),
(3962, 49, 61, 136, 208, 7, '9.5', 0),
(3963, 49, 59, 144, 204, 10, '1.5', 0),
(3964, 49, 59, 144, 202, 10, '1.5', 0),
(3965, 49, 59, 144, 206, 10, '1.5', 0),
(3966, 49, 59, 144, 200, 9, '4.5', 0),
(3967, 49, 59, 144, 205, 8, '6.5', 0),
(3968, 49, 59, 144, 208, 9, '4.5', 0),
(3969, 49, 59, 144, 199, 7, '8.5', 0),
(3970, 49, 59, 144, 207, 8, '6.5', 0),
(3971, 49, 59, 144, 203, 7, '8.5', 0),
(3972, 49, 59, 144, 201, 3, '10', 0),
(3973, 49, 62, 144, 202, 9.5, '1', 0),
(3974, 49, 62, 144, 207, 9, '2', 0),
(3975, 49, 62, 144, 205, 8.3, '3', 0),
(3976, 49, 62, 144, 200, 8, '6', 0),
(3977, 49, 62, 144, 204, 8.2, '4', 0),
(3978, 49, 62, 144, 206, 8.1, '5', 0),
(3979, 49, 62, 144, 208, 7.5, '7', 0),
(3980, 49, 62, 144, 203, 7, '8', 0),
(3981, 49, 62, 144, 199, 6.5, '9', 0),
(3982, 49, 62, 144, 201, 5, '10', 0),
(3983, 49, 61, 144, 202, 9, '1.5', 0),
(3984, 49, 61, 144, 207, 9, '1.5', 0),
(3985, 49, 61, 144, 200, 8.5, '3.5', 0),
(3986, 49, 61, 144, 204, 8.5, '3.5', 0),
(3987, 49, 61, 144, 205, 8, '5.5', 0),
(3988, 49, 61, 144, 206, 8, '5.5', 0),
(3989, 49, 61, 144, 208, 8, '5.5', 0),
(3990, 49, 61, 144, 203, 7.5, '8', 0),
(3991, 49, 61, 144, 201, 6, '10', 0),
(3992, 49, 61, 144, 199, 7, '9', 0),
(3993, 49, 60, 144, 204, 9, '2.5', 0),
(3994, 49, 60, 144, 206, 10, '1', 0),
(3995, 49, 60, 144, 200, 7, '6.5', 0),
(3996, 49, 60, 144, 205, 8, '4.5', 0),
(3997, 49, 60, 144, 202, 8, '4.5', 0),
(3998, 49, 60, 144, 207, 9, '2.5', 0),
(3999, 49, 60, 144, 203, 7, '6.5', 0),
(4000, 49, 60, 144, 208, 7, '6.5', 0),
(4001, 49, 60, 144, 201, 5, '10', 0),
(4002, 49, 60, 144, 199, 6, '9', 0),
(4003, 49, 58, 144, 200, 9, '1', 0),
(4004, 49, 58, 144, 202, 8, '2.5', 0),
(4005, 49, 58, 144, 206, 8, '2.5', 0),
(4006, 49, 58, 144, 203, 7, '5.5', 0),
(4007, 49, 58, 144, 207, 8, '2.5', 0),
(4008, 49, 58, 144, 201, 7, '5.5', 0),
(4009, 49, 58, 144, 204, 7, '5.5', 0),
(4010, 49, 58, 144, 208, 7, '5.5', 0),
(4011, 49, 58, 144, 199, 6, '9.5', 0),
(4012, 49, 58, 144, 205, 6, '9.5', 0);

-- --------------------------------------------------------

--
-- Table structure for table `tops`
--

CREATE TABLE `tops` (
  `id` int(11) NOT NULL,
  `name` varchar(255) DEFAULT NULL,
  `event_id` int(11) NOT NULL,
  `is_show` text NOT NULL DEFAULT 'false'
) ENGINE=InnoDB DEFAULT CHARSET=utf8mb4 COLLATE=utf8mb4_general_ci;

--
-- Dumping data for table `tops`
--

INSERT INTO `tops` (`id`, `name`, `event_id`, `is_show`) VALUES
(16, '15 Exposures', 48, 'false'),
(17, 'Top 5', 48, 'false'),
(19, 'Preliminary', 38, 'false'),
(20, 'Top 16', 38, 'false'),
(21, 'Top 5', 38, 'false'),
(23, 'Top 3', 38, 'false'),
(24, 'Custome Designer - Result', 39, 'false'),
(25, 'Designer', 38, 'false'),
(26, 'Production Number', 38, 'false'),
(27, 'Street Dancing', 49, 'false'),
(28, 'Ritual Showdown', 49, 'false'),
(29, 'Decorated Audiovan', 49, 'false'),
(30, 'Andas', 49, 'false'),
(32, 'AVP', 49, 'false');

-- --------------------------------------------------------

--
-- Table structure for table `users`
--

CREATE TABLE `users` (
  `id` int(11) NOT NULL,
  `first_name` text NOT NULL,
  `middle_name` text NOT NULL,
  `last_name` text NOT NULL,
  `username` text NOT NULL,
  `password` text NOT NULL
) ENGINE=InnoDB DEFAULT CHARSET=utf8mb4 COLLATE=utf8mb4_general_ci;

--
-- Dumping data for table `users`
--

INSERT INTO `users` (`id`, `first_name`, `middle_name`, `last_name`, `username`, `password`) VALUES
(1, 'Admin', '', '', 'admin', 'admin');

--
-- Indexes for dumped tables
--

--
-- Indexes for table `contestants`
--
ALTER TABLE `contestants`
  ADD PRIMARY KEY (`id`);

--
-- Indexes for table `criteria`
--
ALTER TABLE `criteria`
  ADD PRIMARY KEY (`id`);

--
-- Indexes for table `events`
--
ALTER TABLE `events`
  ADD PRIMARY KEY (`id`);

--
-- Indexes for table `judges`
--
ALTER TABLE `judges`
  ADD PRIMARY KEY (`id`);

--
-- Indexes for table `scores`
--
ALTER TABLE `scores`
  ADD PRIMARY KEY (`id`);

--
-- Indexes for table `tops`
--
ALTER TABLE `tops`
  ADD PRIMARY KEY (`id`);

--
-- Indexes for table `users`
--
ALTER TABLE `users`
  ADD PRIMARY KEY (`id`),
  ADD UNIQUE KEY `username` (`username`) USING HASH;

--
-- AUTO_INCREMENT for dumped tables
--

--
-- AUTO_INCREMENT for table `contestants`
--
ALTER TABLE `contestants`
  MODIFY `id` int(11) NOT NULL AUTO_INCREMENT, AUTO_INCREMENT=209;

--
-- AUTO_INCREMENT for table `criteria`
--
ALTER TABLE `criteria`
  MODIFY `id` int(11) NOT NULL AUTO_INCREMENT, AUTO_INCREMENT=145;

--
-- AUTO_INCREMENT for table `events`
--
ALTER TABLE `events`
  MODIFY `id` int(11) NOT NULL AUTO_INCREMENT, AUTO_INCREMENT=50;

--
-- AUTO_INCREMENT for table `judges`
--
ALTER TABLE `judges`
  MODIFY `id` int(11) NOT NULL AUTO_INCREMENT, AUTO_INCREMENT=63;

--
-- AUTO_INCREMENT for table `scores`
--
ALTER TABLE `scores`
  MODIFY `id` int(11) NOT NULL AUTO_INCREMENT, AUTO_INCREMENT=4013;

--
-- AUTO_INCREMENT for table `tops`
--
ALTER TABLE `tops`
  MODIFY `id` int(11) NOT NULL AUTO_INCREMENT, AUTO_INCREMENT=33;

--
-- AUTO_INCREMENT for table `users`
--
ALTER TABLE `users`
  MODIFY `id` int(11) NOT NULL AUTO_INCREMENT, AUTO_INCREMENT=2;
COMMIT;

/*!40101 SET CHARACTER_SET_CLIENT=@OLD_CHARACTER_SET_CLIENT */;
/*!40101 SET CHARACTER_SET_RESULTS=@OLD_CHARACTER_SET_RESULTS */;
/*!40101 SET COLLATION_CONNECTION=@OLD_COLLATION_CONNECTION */;
